Movie_ID,Movie_Name,Genre,Description,Rating,Release_Year,Tokenised
1177,secret journey 1177,animation,A group of talking animals works together to save their home from danger,4.4,2008.0,group_talking_animal_work_together_save_home_danger
68,wild warrior 68,comedy,TWO ROOMMATES EXPERIENCE A SERIES OF FUNNY MISUNDERSTANDINGS AND UNEXPECTED EVENTS !!! @#$,8.8,1997.0,two_roommate_experience_series_funny_misunderstanding_unexpected_event
1331,wild signal 1331,horror,A group of friends becomes trapped in a forest where something mysterious follows them,9.7,2015.0,group_friend_becomes_trapped_forest_something_mysterious_follows
651,ancient heart 651,horror,A journalist investigates strange disappearances connected to an abandoned building 8646 ###,5.1,1993.0,journalist_investigates_strange_disappearance_connected_abandoned_building
1869,ancient dream 1869,fantasy,An ancient prophecy sends unlikely heroes on a dangerous magical journey,7.7,2019.0,ancient_prophecy_sends_unlikely_hero_dangerous_magical_journey
553,electric night 553,action,A superhero battles villains who threaten to destroy the world,3.9,2015.0,superhero_battle_villain_threaten_destroy_world
1428,frozen journey 1428,drama,A TALENTED STUDENT WORKS HARD TO OVERCOME PERSONAL AND FINANCIAL CHALLENGES !!! @#$,9.5,2003.0,talented_student_work_hard_overcome_personal_financial_challenge
1669,unknown city 1669,drama,A talented student works hard to overcome personal and financial challenges,3.0,1992.0,talented_student_work_hard_overcome_personal_financial_challenge
1575,silent adventure 1575,horror,A journalist investigates strange disappearances connected to an abandoned building,2.6,2025.0,journalist_investigates_strange_disappearance_connected_abandoned_building
1318,broken mission 1318,fantasy,An ancient prophecy sends unlikely heroes on a dangerous magical journey,2.8,2024.0,ancient_prophecy_sends_unlikely_hero_dangerous_magical_journey
495,final mission 495,drama,A teacher inspires struggling students while facing challenges in his own life,1.3,1994.0,teacher_inspires_struggling_student_facing_challenge_life
1979,golden night 1979,crime,Police officers investigate a series of robberies committed by a mysterious gang,1.8,2016.0,police_officer_investigate_series_robbery_committed_mysterious_gang
1761,electric secret 1761,romance,A musician falls in love with an artist while both struggle with their careers,6.1,2004.0,musician_fall_love_artist_struggle_career
866,last mission 866,animation,A young hero enters a magical world and discovers an unexpected power,4.1,2000.0,young_hero_enters_magical_world_discovers_unexpected_power
530,   unknown journey 530   ,animation,A young hero enters a magical world and discovers an unexpected power,5.5,1987.0,young_hero_enters_magical_world_discovers_unexpected_power
1502,unknown storm 1502,adventure,Friends follow an ancient map that leads them on an unexpected adventure,8.0,1989.0,friend_follow_ancient_map_lead_unexpected_adventure
1849,brave journey 1849, adventure ,Friends follow an ancient map that leads them on an unexpected adventure,8.0,1983.0,friend_follow_ancient_map_lead_unexpected_adventure
572,lost journey 572,action,A former soldier returns to rescue civilians from a powerful enemy,2.2,2005.0,former_soldier_return_rescue_civilian_powerful_enemy
421,brave road 421,animation,A curious child befriends a magical creature and explores a hidden kingdom,6.0,2023.0,curious_child_befriends_magical_creature_explores_hidden_kingdom
949,golden hero 949,fantasy,A prince must recover a powerful magical object before it falls into evil hands,10.0,2020.0,prince_must_recover_powerful_magical_object_fall_evil_hand
1732,secret dream 1732,drama,Two brothers confront their troubled past after returning to their hometown,5.4,2011.0,two_brother_confront_troubled_past_returning_hometown
1194,final hero 1194,crime,Police officers investigate a series of robberies committed by a mysterious gang,2.1,1981.0,police_officer_investigate_series_robbery_committed_mysterious_gang
1572,electric city 1572,comedy,A family vacation turns into a collection of ridiculous and embarrassing situations,8.4,1990.0,family_vacation_turn_collection_ridiculous_embarrassing_situation
1193,dark warrior 1193,crime,Police officers investigate a series of robberies committed by a mysterious gang,2.3,2008.0,police_officer_investigate_series_robbery_committed_mysterious_gang
584,lost story 584,comedy,A group of friends gets into hilarious trouble during a weekend trip,8.3,3025.0,group_friend_get_hilarious_trouble_weekend_trip
52,hidden mission 52,fantasy,A prince must recover a powerful magical object before it falls into evil hands,2.9,1996.0,prince_must_recover_powerful_magical_object_fall_evil_hand
1445,wild storm 1445,adventure,A GROUP OF EXPLORERS SEARCHES FOR A LEGENDARY TREASURE HIDDEN IN AN ANCIENT LAND !!! @#$,5.4,1981.0,group_explorer_search_legendary_treasure_hidden_ancient_land
1125,frozen hero 1125,horror,A woman begins seeing frightening events after finding a mysterious object,9.7,1981.0,woman_begin_seeing_frightening_event_finding_mysterious_object
30,unknown heart 30,comedy,Two roommates experience a series of funny misunderstandings and unexpected events,4.9,2013.0,two_roommate_experience_series_funny_misunderstanding_unexpected_event
480,electric road 480,animation,A curious child befriends a magical creature and explores a hidden kingdom,6.7,1991.0,curious_child_befriends_magical_creature_explores_hidden_kingdom
1375,last night 1375,comedy,A family vacation turns into a collection of ridiculous and embarrassing situations,2.3,2007.0,family_vacation_turn_collection_ridiculous_embarrassing_situation
1088,silent memory 1088,horror,A JOURNALIST INVESTIGATES STRANGE DISAPPEARANCES CONNECTED TO AN ABANDONED BUILDING !!! @#$,3.5,1996.0,journalist_investigates_strange_disappearance_connected_abandoned_building
1260,burning story 1260,drama,A teacher inspires struggling students while facing challenges in his own life,4.1,2014.0,teacher_inspires_struggling_student_facing_challenge_life
308,secret story 308,action,A police officer uncovers a conspiracy while chasing an international criminal,2.9,2019.0,police_officer_uncovers_conspiracy_chasing_international_criminal
728,burning hero 728,romance,Childhood friends reunite years later and discover feelings for each other,7.4,2002.0,childhood_friend_reunite_year_later_discover_feeling
448,wild warrior 448,romance,Childhood friends reunite years later and discover feelings for each other,2.0,1980.0,childhood_friend_reunite_year_later_discover_feeling
382,lonely planet 382,drama,A talented student works hard to overcome personal and financial challenges,7.1,2018.0,talented_student_work_hard_overcome_personal_financial_challenge
1339,frozen story 1339,sci-fi,A scientist builds an intelligent robot that begins to understand human emotions,7.4,2007.0,scientist_build_intelligent_robot_begin_understand_human_emotion
695,secret heart 695,drama,Two brothers confront their troubled past after returning to their hometown,8.2,2021.0,two_brother_confront_troubled_past_returning_hometown
589,brave planet 589,romance,   A musician falls in love with an artist while both struggle with their careers   ,5.9,1991.0,musician_fall_love_artist_struggle_career
1573,lost memory 1573,romance,Two strangers meet unexpectedly and slowly fall in love despite their differences,2.6,1987.0,two_stranger_meet_unexpectedly_slowly_fall_love_despite_difference
1947,brave story 1947,sci-fi,A scientist builds an intelligent robot that begins to understand human emotions,5.5440406976744185,1986.0,scientist_build_intelligent_robot_begin_understand_human_emotion
1688,lonely adventure 1688,horror,A group of friends becomes trapped in a forest where something mysterious follows them,6.2,2024.0,group_friend_becomes_trapped_forest_something_mysterious_follows
121,frozen adventure 121,drama,A family struggles with relationships and difficult choices after an unexpected event,1.8,1994.0,family_struggle_relationship_difficult_choice_unexpected_event
745,burning kingdom 745,action,A police officer uncovers a conspiracy while chasing an international criminal,5.9,2005.0,police_officer_uncovers_conspiracy_chasing_international_criminal
1805,broken planet 1805,animation,   A young hero enters a magical world and discovers an unexpected power   ,1.5,1988.0,young_hero_enters_magical_world_discovers_unexpected_power
1700,lost dream 1700,horror,A WOMAN BEGINS SEEING FRIGHTENING EVENTS AFTER FINDING A MYSTERIOUS OBJECT !!! @#$,9.8,1994.0,woman_begin_seeing_frightening_event_finding_mysterious_object
786,silent empire 786,fantasy,A mysterious portal transports a student into a world of magic and mythical creatures,1.4,2011.0,mysterious_portal_transport_student_world_magic_mythical_creature
1396,hidden memory 1396,action,A warrior seeks revenge after his family is attacked by a ruthless gang,8.0,1986.0,warrior_seek_revenge_family_attacked_ruthless_gang
565,brave dream 565,romance,A young couple struggles to keep their relationship alive while pursuing their dreams,2.0,2008.0,young_couple_struggle_keep_relationship_alive_pursuing_dream
975,final warrior 975,action,A former soldier returns to rescue civilians from a powerful enemy,7.5,2000.0,former_soldier_return_rescue_civilian_powerful_enemy
451,lost mission 451,action,A superhero battles villains who threaten to destroy the world,6.0,2018.0,superhero_battle_villain_threaten_destroy_world
619,electric adventure 619,horror,A journalist investigates strange disappearances connected to an abandoned building,3.0,1997.0,journalist_investigates_strange_disappearance_connected_abandoned_building
252,unknown mission 252,adventure,A group of explorers searches for a legendary treasure hidden in an ancient land,6.5,2012.0,group_explorer_search_legendary_treasure_hidden_ancient_land
298,unknown warrior 298,crime,A detective investigates a complicated murder connected to organized crime,1.7,2022.0,detective_investigates_complicated_murder_connected_organized_crime
367,brave road 367,action,A warrior seeks revenge after his family is attacked by a ruthless gang,7.6,1982.0,warrior_seek_revenge_family_attacked_ruthless_gang
412,last planet 412,sci-fi,Humans use advanced technology to travel through time and change the future,7.5,2015.0,human_use_advanced_technology_travel_time_change_future
539,unknown shadow 539,action,A former soldier returns to rescue civilians from a powerful enemy,1.5,1985.0,former_soldier_return_rescue_civilian_powerful_enemy
234,infinite shadow 234,action,A skilled agent fights a dangerous criminal organization to protect the city,3.5,2023.0,skilled_agent_fight_dangerous_criminal_organization_protect_city
1583,ancient dream 1583,animation,A young hero enters a magical world and discovers an unexpected power,2.9,2002.0,young_hero_enters_magical_world_discovers_unexpected_power
101,dark story 101,romance,A musician falls in love with an artist while both struggle with their careers,3.9,2009.0,musician_fall_love_artist_struggle_career
1437,silent warrior 1437,drama,A family struggles with relationships and difficult choices after an unexpected event,8.2,2022.0,family_struggle_relationship_difficult_choice_unexpected_event
112,midnight world 112,crime,A criminal mastermind plans a risky robbery while detectives follow his movements,8.4,1986.0,criminal_mastermind_plan_risky_robbery_detective_follow_movement
255,dark adventure 255,romance,TWO STRANGERS MEET UNEXPECTEDLY AND SLOWLY FALL IN LOVE DESPITE THEIR DIFFERENCES !!! @#$,8.3,2001.0,two_stranger_meet_unexpectedly_slowly_fall_love_despite_difference
887,electric memory 887,action,A police officer uncovers a conspiracy while chasing an international criminal,3.4,2019.0,police_officer_uncovers_conspiracy_chasing_international_criminal
1051,midnight adventure 1051,adventure,A captain leads a crew across the ocean in search of a lost kingdom,1.3,2010.0,captain_lead_crew_across_ocean_search_lost_kingdom
1550,electric night 1550,fantasy,A young warrior discovers magical powers and must protect an ancient kingdom 3910 ###,2.5,2023.0,young_warrior_discovers_magical_power_must_protect_ancient_kingdom
1687,broken night 1687,sci-fi,A team of astronauts travels through deep space to discover a new planet for humanity,9.5,2013.0,team_astronaut_travel_deep_space_discover_new_planet_humanity
1475,golden world 1475,fantasy,A group of heroes travels through a magical land to defeat an evil ruler,5.5440406976744185,2020.0,group_hero_travel_magical_land_defeat_evil_ruler
362,lonely story 362,comedy,A man pretends to be someone else and becomes trapped in a hilarious situation,7.3,1988.0,man_pretend_someone_else_becomes_trapped_hilarious_situation
1429,crimson shadow 1429,action,A skilled agent fights a dangerous criminal organization to protect the city,2.1,2016.0,skilled_agent_fight_dangerous_criminal_organization_protect_city
556,lonely road 556,comedy,An unlucky employee creates chaos while trying to impress a new manager,1.1,2006.0,unlucky_employee_creates_chaos_trying_impress_new_manager
211,dark empire 211,sci-fi,A mysterious signal from space leads researchers to an unknown alien civilization,4.8,1986.0,mysterious_signal_space_lead_researcher_unknown_alien_civilization
479,burning kingdom 479,comedy,A man pretends to be someone else and becomes trapped in a hilarious situation,2.4,2015.0,man_pretend_someone_else_becomes_trapped_hilarious_situation
1342,unknown kingdom 1342,comedy,An unlucky employee creates chaos while trying to impress a new manager,2.2,1997.0,unlucky_employee_creates_chaos_trying_impress_new_manager
850,lost planet 850,sci-fi,A MYSTERIOUS SIGNAL FROM SPACE LEADS RESEARCHERS TO AN UNKNOWN ALIEN CIVILIZATION !!! @#$,6.2,2000.0,mysterious_signal_space_lead_researcher_unknown_alien_civilization
1965,secret signal 1965,romance,Childhood friends reunite years later and discover feelings for each other,4.5,2006.0,childhood_friend_reunite_year_later_discover_feeling
1068,lonely signal 1068,sci-fi,A team of astronauts travels through deep space to discover a new planet for humanity,8.8,1981.0,team_astronaut_travel_deep_space_discover_new_planet_humanity
57,unknown memory 57,horror,   A group of friends becomes trapped in a forest where something mysterious follows them   ,7.5,1993.0,group_friend_becomes_trapped_forest_something_mysterious_follows
536,ancient heart 536,animation,A group of talking animals works together to save their home from danger,13.1,2014.0,group_talking_animal_work_together_save_home_danger
110,hidden night 110,comedy,A man pretends to be someone else and becomes trapped in a hilarious situation,8.2,2016.0,man_pretend_someone_else_becomes_trapped_hilarious_situation
1212,lonely empire 1212,horror,A family moves into an old house and discovers a terrifying supernatural presence,8.4,1999.0,family_move_old_house_discovers_terrifying_supernatural_presence
351,golden world 351,action,A police officer uncovers a conspiracy while chasing an international criminal,3.8,1989.0,police_officer_uncovers_conspiracy_chasing_international_criminal
671,lonely planet 671,sci-fi,A crew becomes stranded on a distant planet after their spacecraft is damaged,1.3,2000.0,crew_becomes_stranded_distant_planet_spacecraft_damaged
129,silent empire 129, horror ,A family moves into an old house and discovers a terrifying supernatural presence,8.9,2016.0,family_move_old_house_discovers_terrifying_supernatural_presence
924,wild planet 924,crime,A young man becomes involved with a criminal organization and struggles to escape,5.7,1995.0,young_man_becomes_involved_criminal_organization_struggle_escape
652,burning memory 652,horror,A woman begins seeing frightening events after finding a mysterious object,6.3,1980.0,woman_begin_seeing_frightening_event_finding_mysterious_object
612,secret night 612,crime,POLICE OFFICERS INVESTIGATE A SERIES OF ROBBERIES COMMITTED BY A MYSTERIOUS GANG !!! @#$,3.1,1983.0,police_officer_investigate_series_robbery_committed_mysterious_gang
1376,hidden kingdom 1376, sci-fi ,A scientist builds an intelligent robot that begins to understand human emotions,7.6,2008.0,scientist_build_intelligent_robot_begin_understand_human_emotion
1648,ancient world 1648,action,A former soldier returns to rescue civilians from a powerful enemy,9.4,2000.0,former_soldier_return_rescue_civilian_powerful_enemy
1474,broken empire 1474,comedy,Two roommates experience a series of funny misunderstandings and unexpected events,14.5,2011.0,two_roommate_experience_series_funny_misunderstanding_unexpected_event
509,burning story 509,animation,Toys secretly come alive and begin an exciting adventure when humans leave,5.1,2011.0,toy_secretly_come_alive_begin_exciting_adventure_human_leave
1135,dark storm 1135,comedy,An unlucky employee creates chaos while trying to impress a new manager,4.0,1987.0,unlucky_employee_creates_chaos_trying_impress_new_manager
1742,silent shadow 1742,comedy,A group of friends gets into hilarious trouble during a weekend trip,14.3,1985.0,group_friend_get_hilarious_trouble_weekend_trip
1430,dark secret 1430,horror,A group of friends becomes trapped in a forest where something mysterious follows them,2.1,1999.0,group_friend_becomes_trapped_forest_something_mysterious_follows
430,final dream 430, animation ,A group of talking animals works together to save their home from danger,5.7,1995.0,group_talking_animal_work_together_save_home_danger
1381,frozen road 1381,fantasy,A young warrior discovers magical powers and must protect an ancient kingdom,5.8,2007.0,young_warrior_discovers_magical_power_must_protect_ancient_kingdom
197,ancient storm 197,crime,A young man becomes involved with a criminal organization and struggles to escape,9.0,2021.0,young_man_becomes_involved_criminal_organization_struggle_escape
1533,wild world 1533,horror,A group of friends becomes trapped in a forest where something mysterious follows them,5.0,2020.0,group_friend_becomes_trapped_forest_something_mysterious_follows
1853,burning planet 1853,animation,TOYS SECRETLY COME ALIVE AND BEGIN AN EXCITING ADVENTURE WHEN HUMANS LEAVE !!! @#$,2.7,1983.0,toy_secretly_come_alive_begin_exciting_adventure_human_leave
1834,hidden adventure 1834,drama,A businessman reevaluates his life after experiencing a major personal loss,2.5,1998.0,businessman_reevaluates_life_experiencing_major_personal_loss
1719,hidden warrior 1719,adventure,A young traveler begins a dangerous journey across mountains and forests,8.5,1987.0,young_traveler_begin_dangerous_journey_across_mountain_forest
1778,silent mission 1778,action,A police officer uncovers a conspiracy while chasing an international criminal,3.2,2021.0,police_officer_uncovers_conspiracy_chasing_international_criminal
531,frozen memory 531,comedy,A group of friends gets into hilarious trouble during a weekend trip,5.5440406976744185,1980.0,group_friend_get_hilarious_trouble_weekend_trip
927,lonely heart 927,romance,Two people from different backgrounds begin a complicated romantic relationship,4.0,1990.0,two_people_different_background_begin_complicated_romantic_relationship
70,secret kingdom 70,action,A warrior seeks revenge after his family is attacked by a ruthless gang,9.7,1996.0,warrior_seek_revenge_family_attacked_ruthless_gang
1317,brave road 1317,animation,A group of talking animals works together to save their home from danger,9.5,2015.0,group_talking_animal_work_together_save_home_danger
939,crimson night 939,action,A skilled agent fights a dangerous criminal organization to protect the city,7.6,2016.0,skilled_agent_fight_dangerous_criminal_organization_protect_city
433,unknown mission 433,comedy,A group of friends gets into hilarious trouble during a weekend trip,1.8,2004.0,group_friend_get_hilarious_trouble_weekend_trip
241,brave heart 241,animation,A curious child befriends a magical creature and explores a hidden kingdom,3.6,2005.0,curious_child_befriends_magical_creature_explores_hidden_kingdom
1454,lonely shadow 1454,drama,A family struggles with relationships and difficult choices after an unexpected event,5.4,2006.0,family_struggle_relationship_difficult_choice_unexpected_event
388,dark hero 388,fantasy,An ancient prophecy sends unlikely heroes on a dangerous magical journey,7.1,1999.0,ancient_prophecy_sends_unlikely_hero_dangerous_magical_journey
307,final empire 307,sci-fi,Humans use advanced technology to travel through time and change the future,4.5,2015.0,human_use_advanced_technology_travel_time_change_future
1753,brave planet 1753,sci-fi,A scientist builds an intelligent robot that begins to understand human emotions,7.3,1986.0,scientist_build_intelligent_robot_begin_understand_human_emotion
681,wild dream 681,drama,A teacher inspires struggling students while facing challenges in his own life,3.3,2024.0,teacher_inspires_struggling_student_facing_challenge_life
890,lost road 890,drama,A family struggles with relationships and difficult choices after an unexpected event,2.4,2011.0,family_struggle_relationship_difficult_choice_unexpected_event
937,brave heart 937,action,A warrior seeks revenge after his family is attacked by a ruthless gang,9.3,2026.0,warrior_seek_revenge_family_attacked_ruthless_gang
985,ancient heart 985,comedy,A group of friends gets into hilarious trouble during a weekend trip,6.5,2004.0,group_friend_get_hilarious_trouble_weekend_trip
1114,electric world 1114,horror,A woman begins seeing frightening events after finding a mysterious object,2.3,2020.0,woman_begin_seeing_frightening_event_finding_mysterious_object
1434,last journey 1434,adventure,A captain leads a crew across the ocean in search of a lost kingdom,5.3,1999.0,captain_lead_crew_across_ocean_search_lost_kingdom
1959,infinite adventure 1959,horror,A family moves into an old house and discovers a terrifying supernatural presence,8.4,1999.0,family_move_old_house_discovers_terrifying_supernatural_presence
1868,hidden mission 1868,fantasy,A young warrior discovers magical powers and must protect an ancient kingdom,1.8,1981.0,young_warrior_discovers_magical_power_must_protect_ancient_kingdom
212,   electric mission 212   ,drama,A family struggles with relationships and difficult choices after an unexpected event,3.9,1989.0,family_struggle_relationship_difficult_choice_unexpected_event
248,final empire 248,action,A police officer uncovers a conspiracy while chasing an international criminal 8354 ###,7.8,2017.0,police_officer_uncovers_conspiracy_chasing_international_criminal
562,wild mission 562,romance,Two people from different backgrounds begin a complicated romantic relationship,6.1,2007.0,two_people_different_background_begin_complicated_romantic_relationship
1680,lost heart 1680,animation,An unlikely group of animated heroes works together to protect their city,8.4,2013.0,unlikely_group_animated_hero_work_together_protect_city
260,secret memory 260,horror,A group of friends becomes trapped in a forest where something mysterious follows them,4.0,2017.0,group_friend_becomes_trapped_forest_something_mysterious_follows
343,midnight empire 343,romance,Two people from different backgrounds begin a complicated romantic relationship,5.1,2018.0,two_people_different_background_begin_complicated_romantic_relationship
1893,dark dream 1893,fantasy,A mysterious portal transports a student into a world of magic and mythical creatures,9.9,2010.0,mysterious_portal_transport_student_world_magic_mythical_creature
1642,broken memory 1642,drama,Two brothers confront their troubled past after returning to their hometown,4.6,2019.0,two_brother_confront_troubled_past_returning_hometown
125,final planet 125,crime,A young man becomes involved with a criminal organization and struggles to escape,7.6,1997.0,young_man_becomes_involved_criminal_organization_struggle_escape
1738,broken story 1738,romance,Two strangers meet unexpectedly and slowly fall in love despite their differences,8.8,2024.0,two_stranger_meet_unexpectedly_slowly_fall_love_despite_difference
1343,golden storm 1343,fantasy,A YOUNG WARRIOR DISCOVERS MAGICAL POWERS AND MUST PROTECT AN ANCIENT KINGDOM !!! @#$,5.7,2016.0,young_warrior_discovers_magical_power_must_protect_ancient_kingdom
766,last night 766,crime,A young man becomes involved with a criminal organization and struggles to escape,7.7,2026.0,young_man_becomes_involved_criminal_organization_struggle_escape
1455,lost story 1455,comedy,A man pretends to be someone else and becomes trapped in a hilarious situation,9.7,2023.0,man_pretend_someone_else_becomes_trapped_hilarious_situation
614,ancient mission 614,sci-fi,A crew becomes stranded on a distant planet after their spacecraft is damaged,8.4,2020.0,crew_becomes_stranded_distant_planet_spacecraft_damaged
591,burning empire 591,sci-fi,A team of astronauts travels through deep space to discover a new planet for humanity,4.0,2019.0,team_astronaut_travel_deep_space_discover_new_planet_humanity
66,secret kingdom 66,comedy,A group of friends gets into hilarious trouble during a weekend trip,4.4,1982.0,group_friend_get_hilarious_trouble_weekend_trip
1281,burning empire 1281,fantasy,An ancient prophecy sends unlikely heroes on a dangerous magical journey,1.8,1984.0,ancient_prophecy_sends_unlikely_hero_dangerous_magical_journey
1161,midnight shadow 1161, comedy ,A man pretends to be someone else and becomes trapped in a hilarious situation,3.0,2017.0,man_pretend_someone_else_becomes_trapped_hilarious_situation
711,golden adventure 711,crime,Police officers investigate a series of robberies committed by a mysterious gang,4.3,1983.0,police_officer_investigate_series_robbery_committed_mysterious_gang
618,infinite heart 618,romance,Childhood friends reunite years later and discover feelings for each other,2.7,1982.0,childhood_friend_reunite_year_later_discover_feeling
1845,last kingdom 1845,action,A skilled agent fights a dangerous criminal organization to protect the city,9.3,2005.0,skilled_agent_fight_dangerous_criminal_organization_protect_city
603,infinite story 603,action,A skilled agent fights a dangerous criminal organization to protect the city,12.0,1983.0,skilled_agent_fight_dangerous_criminal_organization_protect_city
1690,dark road 1690,action,A skilled agent fights a dangerous criminal organization to protect the city,2.7,1999.0,skilled_agent_fight_dangerous_criminal_organization_protect_city
586,lonely journey 586,horror,A group of friends becomes trapped in a forest where something mysterious follows them,6.2,2004.0,group_friend_becomes_trapped_forest_something_mysterious_follows
1658,lonely adventure 1658,sci-fi,A crew becomes stranded on a distant planet after their spacecraft is damaged,2.3,1998.0,crew_becomes_stranded_distant_planet_spacecraft_damaged
1122,unknown heart 1122,comedy,A GROUP OF FRIENDS GETS INTO HILARIOUS TROUBLE DURING A WEEKEND TRIP !!! @#$,6.7,2002.0,group_friend_get_hilarious_trouble_weekend_trip
818,brave signal 818,horror,A woman begins seeing frightening events after finding a mysterious object,7.6,2022.0,woman_begin_seeing_frightening_event_finding_mysterious_object
904,dark signal 904,sci-fi,A scientist builds an intelligent robot that begins to understand human emotions,7.3,1986.0,scientist_build_intelligent_robot_begin_understand_human_emotion
1560,brave empire 1560,adventure,A captain leads a crew across the ocean in search of a lost kingdom,5.2,1982.0,captain_lead_crew_across_ocean_search_lost_kingdom
1762,crimson story 1762,animation,A young hero enters a magical world and discovers an unexpected power,2.7,1990.0,young_hero_enters_magical_world_discovers_unexpected_power
1997,ancient city 1997,action,A skilled agent fights a dangerous criminal organization to protect the city,2.7,2022.0,skilled_agent_fight_dangerous_criminal_organization_protect_city
1490,hidden adventure 1490,drama,A teacher inspires struggling students while facing challenges in his own life,2.1,1983.0,teacher_inspires_struggling_student_facing_challenge_life
793,frozen memory 793,drama,A family struggles with relationships and difficult choices after an unexpected event,2.8,1988.0,family_struggle_relationship_difficult_choice_unexpected_event
189,electric mission 189,action,A former soldier returns to rescue civilians from a powerful enemy,7.8,1994.0,former_soldier_return_rescue_civilian_powerful_enemy
1509,frozen road 1509,sci-fi,A team of astronauts travels through deep space to discover a new planet for humanity,6.7,2024.0,team_astronaut_travel_deep_space_discover_new_planet_humanity
880,lost secret 880,sci-fi,A scientist builds an intelligent robot that begins to understand human emotions,4.1,2010.0,scientist_build_intelligent_robot_begin_understand_human_emotion
600,broken storm 600,fantasy,A young warrior discovers magical powers and must protect an ancient kingdom,9.4,1989.0,young_warrior_discovers_magical_power_must_protect_ancient_kingdom
1291,electric empire 1291,horror,Visitors to an isolated village discover a dark secret hidden by the residents,9.9,2007.0,visitor_isolated_village_discover_dark_secret_hidden_resident
1522,silent warrior 1522,horror,A group of friends becomes trapped in a forest where something mysterious follows them,1.5,1997.0,group_friend_becomes_trapped_forest_something_mysterious_follows
1543,golden adventure 1543,animation,A curious child befriends a magical creature and explores a hidden kingdom,8.7,1981.0,curious_child_befriends_magical_creature_explores_hidden_kingdom
1966,unknown planet 1966,horror,A family moves into an old house and discovers a terrifying supernatural presence,6.2,2024.0,family_move_old_house_discovers_terrifying_supernatural_presence
1842,silent dream 1842,sci-fi,A crew becomes stranded on a distant planet after their spacecraft is damaged,4.4,2016.0,crew_becomes_stranded_distant_planet_spacecraft_damaged
375,hidden kingdom 375,animation,A young hero enters a magical world and discovers an unexpected power,5.3,1995.0,young_hero_enters_magical_world_discovers_unexpected_power
439,brave city 439,comedy,A family vacation turns into a collection of ridiculous and embarrassing situations,9.4,1999.0,family_vacation_turn_collection_ridiculous_embarrassing_situation
1191,final road 1191,romance,Two strangers meet unexpectedly and slowly fall in love despite their differences,1.4,2000.0,two_stranger_meet_unexpectedly_slowly_fall_love_despite_difference
808,lonely world 808,fantasy,An ancient prophecy sends unlikely heroes on a dangerous magical journey,5.7,2003.0,ancient_prophecy_sends_unlikely_hero_dangerous_magical_journey
291,silent mission 291,romance,A musician falls in love with an artist while both struggle with their careers,1.3,1992.0,musician_fall_love_artist_struggle_career
1014,last empire 1014,crime,An investigator uncovers corruption involving powerful people in the city,9.4,2025.0,investigator_uncovers_corruption_involving_powerful_people_city
136,golden planet 136,action,A SUPERHERO BATTLES VILLAINS WHO THREATEN TO DESTROY THE WORLD !!! @#$,6.9,1990.0,superhero_battle_villain_threaten_destroy_world
1091,final secret 1091,drama,A family struggles with relationships and difficult choices after an unexpected event,4.1,1985.0,family_struggle_relationship_difficult_choice_unexpected_event
100,lost mission 100,fantasy,An ancient prophecy sends unlikely heroes on a dangerous magical journey,2.2,2009.0,ancient_prophecy_sends_unlikely_hero_dangerous_magical_journey
708,last empire 708,drama,Two brothers confront their troubled past after returning to their hometown,5.5440406976744185,2011.0,two_brother_confront_troubled_past_returning_hometown
1603,unknown kingdom 1603,drama,A talented student works hard to overcome personal and financial challenges,3.2,1991.0,talented_student_work_hard_overcome_personal_financial_challenge
1511,golden heart 1511,animation,A young hero enters a magical world and discovers an unexpected power,8.4,1980.0,young_hero_enters_magical_world_discovers_unexpected_power
434,lonely empire 434,animation,A group of talking animals works together to save their home from danger 3807 ###,6.7,2024.0,group_talking_animal_work_together_save_home_danger
1714,hidden heart 1714,crime,A detective investigates a complicated murder connected to organized crime,6.5,1980.0,detective_investigates_complicated_murder_connected_organized_crime
809,burning shadow 809,sci-fi,A scientist builds an intelligent robot that begins to understand human emotions,9.4,2010.0,scientist_build_intelligent_robot_begin_understand_human_emotion
221,ancient signal 221,action,A POLICE OFFICER UNCOVERS A CONSPIRACY WHILE CHASING AN INTERNATIONAL CRIMINAL !!! @#$,8.8,2026.0,police_officer_uncovers_conspiracy_chasing_international_criminal
1766,broken night 1766,crime,A detective investigates a complicated murder connected to organized crime,6.8,1997.0,detective_investigates_complicated_murder_connected_organized_crime
631,brave storm 631,fantasy,A young warrior discovers magical powers and must protect an ancient kingdom,9.3,2016.0,young_warrior_discovers_magical_power_must_protect_ancient_kingdom
906,electric planet 906,adventure,A group of explorers searches for a legendary treasure hidden in an ancient land,7.2,2002.0,group_explorer_search_legendary_treasure_hidden_ancient_land
238,final city 238,animation,A CURIOUS CHILD BEFRIENDS A MAGICAL CREATURE AND EXPLORES A HIDDEN KINGDOM !!! @#$,5.8,1994.0,curious_child_befriends_magical_creature_explores_hidden_kingdom
14,broken journey 14,sci-fi,A crew becomes stranded on a distant planet after their spacecraft is damaged,4.6,1984.0,crew_becomes_stranded_distant_planet_spacecraft_damaged
768,crimson story 768,comedy,An unlucky employee creates chaos while trying to impress a new manager,2.0,2022.0,unlucky_employee_creates_chaos_trying_impress_new_manager
1993,crimson dream 1993,romance,Two people from different backgrounds begin a complicated romantic relationship,1.9,1993.0,two_people_different_background_begin_complicated_romantic_relationship
520,lost world 520,drama,A businessman reevaluates his life after experiencing a major personal loss,8.4,2007.0,businessman_reevaluates_life_experiencing_major_personal_loss
240,lost adventure 240,animation,A group of talking animals works together to save their home from danger,8.8,2016.0,group_talking_animal_work_together_save_home_danger
757,last storm 757,crime,A young man becomes involved with a criminal organization and struggles to escape,9.2,2006.0,young_man_becomes_involved_criminal_organization_struggle_escape
1354,silent dream 1354,horror,A journalist investigates strange disappearances connected to an abandoned building,5.4,2007.0,journalist_investigates_strange_disappearance_connected_abandoned_building
1324,golden night 1324,fantasy,A group of heroes travels through a magical land to defeat an evil ruler,4.8,2006.0,group_hero_travel_magical_land_defeat_evil_ruler
1519,ancient mission 1519,fantasy,A young warrior discovers magical powers and must protect an ancient kingdom 4107 ###,2.3,1988.0,young_warrior_discovers_magical_power_must_protect_ancient_kingdom
1048,silent mission 1048,fantasy,An ancient prophecy sends unlikely heroes on a dangerous magical journey,1.9,1999.0,ancient_prophecy_sends_unlikely_hero_dangerous_magical_journey
1008,crimson storm 1008,fantasy,A prince must recover a powerful magical object before it falls into evil hands,2.6,2009.0,prince_must_recover_powerful_magical_object_fall_evil_hand
1333,electric city 1333, adventure ,A group of explorers searches for a legendary treasure hidden in an ancient land 8093 ###,3.9,2013.0,group_explorer_search_legendary_treasure_hidden_ancient_land
1359,burning warrior 1359,sci-fi,A mysterious signal from space leads researchers to an unknown alien civilization,7.1,2021.0,mysterious_signal_space_lead_researcher_unknown_alien_civilization
369,final night 369,drama,A family struggles with relationships and difficult choices after an unexpected event,1.1,2016.0,family_struggle_relationship_difficult_choice_unexpected_event
1790,unknown signal 1790,action,A skilled agent fights a dangerous criminal organization to protect the city,6.5,1987.0,skilled_agent_fight_dangerous_criminal_organization_protect_city
1226,midnight kingdom 1226,animation,A group of talking animals works together to save their home from danger,3.0,2012.0,group_talking_animal_work_together_save_home_danger
675,electric secret 675,horror,Visitors to an isolated village discover a dark secret hidden by the residents,5.7,2007.0,visitor_isolated_village_discover_dark_secret_hidden_resident
788,burning signal 788,comedy,A family vacation turns into a collection of ridiculous and embarrassing situations,5.2,2009.0,family_vacation_turn_collection_ridiculous_embarrassing_situation
577,infinite planet 577,romance,A young couple struggles to keep their relationship alive while pursuing their dreams,3.5,2008.0,young_couple_struggle_keep_relationship_alive_pursuing_dream
1759,dark storm 1759,horror,A family moves into an old house and discovers a terrifying supernatural presence,8.1,2024.0,family_move_old_house_discovers_terrifying_supernatural_presence
1037,last warrior 1037,fantasy,AN ANCIENT PROPHECY SENDS UNLIKELY HEROES ON A DANGEROUS MAGICAL JOURNEY !!! @#$,2.4,1986.0,ancient_prophecy_sends_unlikely_hero_dangerous_magical_journey
1340,frozen journey 1340,action,A police officer uncovers a conspiracy while chasing an international criminal,12.8,2025.0,police_officer_uncovers_conspiracy_chasing_international_criminal
1289,unknown kingdom 1289,horror,A journalist investigates strange disappearances connected to an abandoned building,7.2,1995.0,journalist_investigates_strange_disappearance_connected_abandoned_building
979,broken road 979,fantasy,A young warrior discovers magical powers and must protect an ancient kingdom,4.2,2024.0,young_warrior_discovers_magical_power_must_protect_ancient_kingdom
1371,crimson empire 1371,animation,Toys secretly come alive and begin an exciting adventure when humans leave,6.6,2019.0,toy_secretly_come_alive_begin_exciting_adventure_human_leave
922,secret secret 922,fantasy,A young warrior discovers magical powers and must protect an ancient kingdom,7.6,1999.0,young_warrior_discovers_magical_power_must_protect_ancient_kingdom
1425,secret storm 1425,animation,   A curious child befriends a magical creature and explores a hidden kingdom   ,6.7,2008.0,curious_child_befriends_magical_creature_explores_hidden_kingdom
1873,ancient heart 1873,drama,A family struggles with relationships and difficult choices after an unexpected event,9.5,1994.0,family_struggle_relationship_difficult_choice_unexpected_event
585,broken kingdom 585,fantasy,A young warrior discovers magical powers and must protect an ancient kingdom,3.2,1995.0,young_warrior_discovers_magical_power_must_protect_ancient_kingdom
1290,broken dream 1290, animation ,A young hero enters a magical world and discovers an unexpected power,2.7,1995.0,young_hero_enters_magical_world_discovers_unexpected_power
1413,lonely night 1413,crime,An investigator uncovers corruption involving powerful people in the city,4.1,2020.0,investigator_uncovers_corruption_involving_powerful_people_city
1338,dark planet 1338,drama,A talented student works hard to overcome personal and financial challenges,1.5,1991.0,talented_student_work_hard_overcome_personal_financial_challenge
122,broken night 122,animation,An unlikely group of animated heroes works together to protect their city,2.4,2015.0,unlikely_group_animated_hero_work_together_protect_city
317,burning signal 317,drama,A talented student works hard to overcome personal and financial challenges,8.9,2015.0,talented_student_work_hard_overcome_personal_financial_challenge
487,unknown memory 487,romance,Two people from different backgrounds begin a complicated romantic relationship,1.8,1988.0,two_people_different_background_begin_complicated_romantic_relationship
1335,secret signal 1335,drama,Two brothers confront their troubled past after returning to their hometown,3.5,1996.0,two_brother_confront_troubled_past_returning_hometown
974,final warrior 974,fantasy,A young warrior discovers magical powers and must protect an ancient kingdom,6.0,2026.0,young_warrior_discovers_magical_power_must_protect_ancient_kingdom
1569,wild warrior 1569,drama,Two brothers confront their troubled past after returning to their hometown,8.7,2005.0,two_brother_confront_troubled_past_returning_hometown
669,brave kingdom 669,romance,A musician falls in love with an artist while both struggle with their careers,8.1,1985.0,musician_fall_love_artist_struggle_career
1170,lonely storm 1170,fantasy,A group of heroes travels through a magical land to defeat an evil ruler,8.1,1985.0,group_hero_travel_magical_land_defeat_evil_ruler
1293,lonely kingdom 1293,horror,A family moves into an old house and discovers a terrifying supernatural presence,9.7,2011.0,family_move_old_house_discovers_terrifying_supernatural_presence
915,unknown warrior 915,fantasy,An ancient prophecy sends unlikely heroes on a dangerous magical journey,4.5,1987.0,ancient_prophecy_sends_unlikely_hero_dangerous_magical_journey
1621,ancient story 1621,romance,Childhood friends reunite years later and discover feelings for each other,5.5,2014.0,childhood_friend_reunite_year_later_discover_feeling
722,final city 722,fantasy,   A young warrior discovers magical powers and must protect an ancient kingdom   ,4.5,2018.0,young_warrior_discovers_magical_power_must_protect_ancient_kingdom
1781,silent road 1781,sci-fi,A team of astronauts travels through deep space to discover a new planet for humanity,3.4,2020.0,team_astronaut_travel_deep_space_discover_new_planet_humanity
620,dark city 620,fantasy,A young warrior discovers magical powers and must protect an ancient kingdom 9871 ###,1.8,2002.0,young_warrior_discovers_magical_power_must_protect_ancient_kingdom
1362,broken secret 1362,horror,A woman begins seeing frightening events after finding a mysterious object,3.7,1983.0,woman_begin_seeing_frightening_event_finding_mysterious_object
427,crimson memory 427,sci-fi,A mysterious signal from space leads researchers to an unknown alien civilization,5.0,1981.0,mysterious_signal_space_lead_researcher_unknown_alien_civilization
680,hidden world 680,sci-fi,A TEAM OF ASTRONAUTS TRAVELS THROUGH DEEP SPACE TO DISCOVER A NEW PLANET FOR HUMANITY !!! @#$,7.2,2006.0,team_astronaut_travel_deep_space_discover_new_planet_humanity
1458,final road 1458,crime,An investigator uncovers corruption involving powerful people in the city,9.6,2015.0,investigator_uncovers_corruption_involving_powerful_people_city
1053,crimson storm 1053,adventure,A young traveler begins a dangerous journey across mountains and forests,5.6,2005.0,young_traveler_begin_dangerous_journey_across_mountain_forest
1987,electric journey 1987,crime,A detective investigates a complicated murder connected to organized crime,1.5,2021.0,detective_investigates_complicated_murder_connected_organized_crime
894,secret heart 894,comedy,A group of friends gets into hilarious trouble during a weekend trip,2.1,2025.0,group_friend_get_hilarious_trouble_weekend_trip
1713,frozen empire 1713,romance,Two people from different backgrounds begin a complicated romantic relationship,7.2,2023.0,two_people_different_background_begin_complicated_romantic_relationship
1084,ancient signal 1084,adventure,Explorers enter an unknown island filled with dangerous creatures and hidden secrets,3.6,1982.0,explorer_enter_unknown_island_filled_dangerous_creature_hidden_secret
1902,final planet 1902,horror,A woman begins seeing frightening events after finding a mysterious object,4.9,2008.0,woman_begin_seeing_frightening_event_finding_mysterious_object
882,crimson road 882,horror,A family moves into an old house and discovers a terrifying supernatural presence,5.9,1992.0,family_move_old_house_discovers_terrifying_supernatural_presence
545,brave mission 545,horror,A woman begins seeing frightening events after finding a mysterious object,5.1,2003.0,woman_begin_seeing_frightening_event_finding_mysterious_object
857,frozen city 857,animation,An unlikely group of animated heroes works together to protect their city,5.8,2000.0,unlikely_group_animated_hero_work_together_protect_city
716,silent shadow 716,drama,A family struggles with relationships and difficult choices after an unexpected event,3.3,1992.0,family_struggle_relationship_difficult_choice_unexpected_event
758,electric heart 758,animation,A curious child befriends a magical creature and explores a hidden kingdom,3.8,2004.0,curious_child_befriends_magical_creature_explores_hidden_kingdom
1119,unknown heart 1119,adventure,A group of explorers searches for a legendary treasure hidden in an ancient land,6.7,2021.0,group_explorer_search_legendary_treasure_hidden_ancient_land
300,infinite adventure 300,drama,A family struggles with relationships and difficult choices after an unexpected event,7.5,2002.0,family_struggle_relationship_difficult_choice_unexpected_event
1617,lost city 1617,adventure,Explorers enter an unknown island filled with dangerous creatures and hidden secrets,6.4,2023.0,explorer_enter_unknown_island_filled_dangerous_creature_hidden_secret
1477,golden storm 1477,crime,An investigator uncovers corruption involving powerful people in the city,6.1,1984.0,investigator_uncovers_corruption_involving_powerful_people_city
64,silent road 64,fantasy,A group of heroes travels through a magical land to defeat an evil ruler,9.8,1991.0,group_hero_travel_magical_land_defeat_evil_ruler
325,golden storm 325,horror,A woman begins seeing frightening events after finding a mysterious object,6.6,1981.0,woman_begin_seeing_frightening_event_finding_mysterious_object
1555,ancient empire 1555,crime,A detective investigates a complicated murder connected to organized crime,4.5,1993.0,detective_investigates_complicated_murder_connected_organized_crime
1179,unknown adventure 1179,crime,An investigator uncovers corruption involving powerful people in the city,4.3,2023.0,investigator_uncovers_corruption_involving_powerful_people_city
1246,midnight empire 1246,action,A skilled agent fights a dangerous criminal organization to protect the city,4.5,2009.0,skilled_agent_fight_dangerous_criminal_organization_protect_city
1002,lost memory 1002,crime,A criminal mastermind plans a risky robbery while detectives follow his movements,3.1,2017.0,criminal_mastermind_plan_risky_robbery_detective_follow_movement
606,final adventure 606,comedy,A group of friends gets into hilarious trouble during a weekend trip,8.2,1982.0,group_friend_get_hilarious_trouble_weekend_trip
995,hidden mission 995,romance,Two strangers meet unexpectedly and slowly fall in love despite their differences,7.4,2020.0,two_stranger_meet_unexpectedly_slowly_fall_love_despite_difference
428,ancient world 428,crime,A detective investigates a complicated murder connected to organized crime,5.8,1997.0,detective_investigates_complicated_murder_connected_organized_crime
1556,golden night 1556,romance,A musician falls in love with an artist while both struggle with their careers,8.4,2022.0,musician_fall_love_artist_struggle_career
1382,midnight hero 1382,fantasy,A young warrior discovers magical powers and must protect an ancient kingdom,3.4,2021.0,young_warrior_discovers_magical_power_must_protect_ancient_kingdom
24,burning memory 24,horror,A group of friends becomes trapped in a forest where something mysterious follows them,2.4,1990.0,group_friend_becomes_trapped_forest_something_mysterious_follows
1625,hidden mission 1625,sci-fi,A mysterious signal from space leads researchers to an unknown alien civilization,5.7,2021.0,mysterious_signal_space_lead_researcher_unknown_alien_civilization
199,infinite planet 199,sci-fi,A mysterious signal from space leads researchers to an unknown alien civilization,5.0,1995.0,mysterious_signal_space_lead_researcher_unknown_alien_civilization
50,golden warrior 50,horror,A group of friends becomes trapped in a forest where something mysterious follows them,3.4,1988.0,group_friend_becomes_trapped_forest_something_mysterious_follows
1825,infinite city 1825,animation,A group of talking animals works together to save their home from danger,4.0,2020.0,group_talking_animal_work_together_save_home_danger
819,broken adventure 819,action,A former soldier returns to rescue civilians from a powerful enemy,1.9,2012.0,former_soldier_return_rescue_civilian_powerful_enemy
917,frozen planet 917,action,A skilled agent fights a dangerous criminal organization to protect the city,1.3,2021.0,skilled_agent_fight_dangerous_criminal_organization_protect_city
1201,brave secret 1201,comedy,An unlucky employee creates chaos while trying to impress a new manager,8.0,1997.0,unlucky_employee_creates_chaos_trying_impress_new_manager
1558,burning adventure 1558,comedy,   Two roommates experience a series of funny misunderstandings and unexpected events   ,2.8,1989.0,two_roommate_experience_series_funny_misunderstanding_unexpected_event
72,crimson secret 72,animation,A group of talking animals works together to save their home from danger,4.5,2016.0,group_talking_animal_work_together_save_home_danger
1377,frozen world 1377,drama,TWO BROTHERS CONFRONT THEIR TROUBLED PAST AFTER RETURNING TO THEIR HOMETOWN !!! @#$,6.3,1992.0,two_brother_confront_troubled_past_returning_hometown
1783,golden city 1783,action,A police officer uncovers a conspiracy while chasing an international criminal,7.8,2008.0,police_officer_uncovers_conspiracy_chasing_international_criminal
515,electric world 515,drama,Two brothers confront their troubled past after returning to their hometown,2.8,2024.0,two_brother_confront_troubled_past_returning_hometown
1385,frozen signal 1385,comedy,A family vacation turns into a collection of ridiculous and embarrassing situations,3.1,1994.0,family_vacation_turn_collection_ridiculous_embarrassing_situation
384,hidden journey 384,fantasy,A prince must recover a powerful magical object before it falls into evil hands,9.1,1992.0,prince_must_recover_powerful_magical_object_fall_evil_hand
817,final signal 817, drama ,   A teacher inspires struggling students while facing challenges in his own life   ,6.0,1996.0,teacher_inspires_struggling_student_facing_challenge_life
1183,unknown shadow 1183,sci-fi,Humans use advanced technology to travel through time and change the future,9.4,2010.0,human_use_advanced_technology_travel_time_change_future
1079,brave empire 1079,action,A skilled agent fights a dangerous criminal organization to protect the city,2.3,2026.0,skilled_agent_fight_dangerous_criminal_organization_protect_city
486,hidden signal 486,fantasy,A mysterious portal transports a student into a world of magic and mythical creatures,8.6,2019.0,mysterious_portal_transport_student_world_magic_mythical_creature
1229,silent world 1229,action,A police officer uncovers a conspiracy while chasing an international criminal,4.1,2024.0,police_officer_uncovers_conspiracy_chasing_international_criminal
597,infinite road 597,fantasy,A prince must recover a powerful magical object before it falls into evil hands,8.3,2004.0,prince_must_recover_powerful_magical_object_fall_evil_hand
257,burning secret 257,drama,A teacher inspires struggling students while facing challenges in his own life,2.4,2003.0,teacher_inspires_struggling_student_facing_challenge_life
1273,lonely warrior 1273,sci-fi,   A team of astronauts travels through deep space to discover a new planet for humanity   ,12.9,2007.0,team_astronaut_travel_deep_space_discover_new_planet_humanity
459,electric warrior 459,adventure,A CAPTAIN LEADS A CREW ACROSS THE OCEAN IN SEARCH OF A LOST KINGDOM !!! @#$,8.3,2021.0,captain_lead_crew_across_ocean_search_lost_kingdom
1115,dark heart 1115,sci-fi,A crew becomes stranded on a distant planet after their spacecraft is damaged,2.4,2001.0,crew_becomes_stranded_distant_planet_spacecraft_damaged
1166,   lost empire 1166   ,action,A superhero battles villains who threaten to destroy the world,2.5,2009.0,superhero_battle_villain_threaten_destroy_world
21,hidden hero 21,sci-fi,A crew becomes stranded on a distant planet after their spacecraft is damaged,7.9,2001.0,crew_becomes_stranded_distant_planet_spacecraft_damaged
1577,hidden heart 1577,crime,   Police officers investigate a series of robberies committed by a mysterious gang   ,5.0,2018.0,police_officer_investigate_series_robbery_committed_mysterious_gang
1062,golden city 1062,action,A warrior seeks revenge after his family is attacked by a ruthless gang,5.5440406976744185,2020.0,warrior_seek_revenge_family_attacked_ruthless_gang
1821,golden hero 1821,horror,A group of friends becomes trapped in a forest where something mysterious follows them,6.7,1982.0,group_friend_becomes_trapped_forest_something_mysterious_follows
508,wild adventure 508,animation,A group of talking animals works together to save their home from danger,6.7,1985.0,group_talking_animal_work_together_save_home_danger
1448,final night 1448,crime,A young man becomes involved with a criminal organization and struggles to escape,2.6,1985.0,young_man_becomes_involved_criminal_organization_struggle_escape
868,infinite storm 868,drama,A teacher inspires struggling students while facing challenges in his own life 3741 ###,9.7,2006.0,teacher_inspires_struggling_student_facing_challenge_life
1983,lost hero 1983,drama,A family struggles with relationships and difficult choices after an unexpected event,9.6,2006.0,family_struggle_relationship_difficult_choice_unexpected_event
1857,golden mission 1857,fantasy,A prince must recover a powerful magical object before it falls into evil hands,6.5,2000.0,prince_must_recover_powerful_magical_object_fall_evil_hand
1038,lost storm 1038,horror,A journalist investigates strange disappearances connected to an abandoned building,6.7,1993.0,journalist_investigates_strange_disappearance_connected_abandoned_building
875,midnight empire 875,adventure,A captain leads a crew across the ocean in search of a lost kingdom,9.8,2014.0,captain_lead_crew_across_ocean_search_lost_kingdom
271,electric night 271,drama,Two brothers confront their troubled past after returning to their hometown,5.5,2006.0,two_brother_confront_troubled_past_returning_hometown
1001,secret world 1001,fantasy,An ancient prophecy sends unlikely heroes on a dangerous magical journey,5.5,2011.0,ancient_prophecy_sends_unlikely_hero_dangerous_magical_journey
1126,midnight journey 1126,sci-fi,A crew becomes stranded on a distant planet after their spacecraft is damaged,8.1,1982.0,crew_becomes_stranded_distant_planet_spacecraft_damaged
737,secret planet 737,sci-fi,Humans use advanced technology to travel through time and change the future,14.2,2008.0,human_use_advanced_technology_travel_time_change_future
383,burning adventure 383,action,A warrior seeks revenge after his family is attacked by a ruthless gang,7.3,1984.0,warrior_seek_revenge_family_attacked_ruthless_gang
496,dark story 496,horror,A group of friends becomes trapped in a forest where something mysterious follows them 8492 ###,5.8,1990.0,group_friend_becomes_trapped_forest_something_mysterious_follows
26,infinite night 26,action,A former soldier returns to rescue civilians from a powerful enemy,1.5,2016.0,former_soldier_return_rescue_civilian_powerful_enemy
79,midnight adventure 79,fantasy,An ancient prophecy sends unlikely heroes on a dangerous magical journey,5.0,1993.0,ancient_prophecy_sends_unlikely_hero_dangerous_magical_journey
1348,electric story 1348,drama,A teacher inspires struggling students while facing challenges in his own life,6.9,2001.0,teacher_inspires_struggling_student_facing_challenge_life
33,last journey 33,comedy,Two roommates experience a series of funny misunderstandings and unexpected events,1.6,1995.0,two_roommate_experience_series_funny_misunderstanding_unexpected_event
1767,secret journey 1767,romance,   A young couple struggles to keep their relationship alive while pursuing their dreams   ,9.9,1993.0,young_couple_struggle_keep_relationship_alive_pursuing_dream
1741,broken dream 1741,romance,A young couple struggles to keep their relationship alive while pursuing their dreams,4.6,1997.0,young_couple_struggle_keep_relationship_alive_pursuing_dream
1657,burning memory 1657,romance,Two people from different backgrounds begin a complicated romantic relationship,3.0,2005.0,two_people_different_background_begin_complicated_romantic_relationship
164,wild road 164,fantasy,An ancient prophecy sends unlikely heroes on a dangerous magical journey,1.4,2010.0,ancient_prophecy_sends_unlikely_hero_dangerous_magical_journey
204,brave planet 204,comedy,AN UNLUCKY EMPLOYEE CREATES CHAOS WHILE TRYING TO IMPRESS A NEW MANAGER !!! @#$,4.0,1989.0,unlucky_employee_creates_chaos_trying_impress_new_manager
1994,frozen world 1994,action,A warrior seeks revenge after his family is attacked by a ruthless gang,5.0,1983.0,warrior_seek_revenge_family_attacked_ruthless_gang
1643,   infinite shadow 1643   ,action,A police officer uncovers a conspiracy while chasing an international criminal 2645 ###,9.9,2024.0,police_officer_uncovers_conspiracy_chasing_international_criminal
773,electric warrior 773,drama,A teacher inspires struggling students while facing challenges in his own life,6.9,2024.0,teacher_inspires_struggling_student_facing_challenge_life
1055,wild storm 1055,drama,Two brothers confront their troubled past after returning to their hometown,3.1,1995.0,two_brother_confront_troubled_past_returning_hometown
306,wild warrior 306,adventure,EXPLORERS ENTER AN UNKNOWN ISLAND FILLED WITH DANGEROUS CREATURES AND HIDDEN SECRETS !!! @#$,3.2,1987.0,explorer_enter_unknown_island_filled_dangerous_creature_hidden_secret
1197,unknown storm 1197,drama,   A talented student works hard to overcome personal and financial challenges   ,8.2,2026.0,talented_student_work_hard_overcome_personal_financial_challenge
1285,golden adventure 1285,drama,A businessman reevaluates his life after experiencing a major personal loss,9.4,2014.0,businessman_reevaluates_life_experiencing_major_personal_loss
1484,   midnight world 1484   ,drama,Two brothers confront their troubled past after returning to their hometown,2.8,1985.0,two_brother_confront_troubled_past_returning_hometown
193,lost memory 193,drama,A teacher inspires struggling students while facing challenges in his own life,4.0,2019.0,teacher_inspires_struggling_student_facing_challenge_life
1911,lonely mission 1911,comedy,A family vacation turns into a collection of ridiculous and embarrassing situations,3.6,1993.0,family_vacation_turn_collection_ridiculous_embarrassing_situation
417,frozen adventure 417,crime,A detective investigates a complicated murder connected to organized crime,8.2,2026.0,detective_investigates_complicated_murder_connected_organized_crime
787,last story 787,comedy,Two roommates experience a series of funny misunderstandings and unexpected events,3.1,2022.0,two_roommate_experience_series_funny_misunderstanding_unexpected_event
219,last mission 219,action,A skilled agent fights a dangerous criminal organization to protect the city,4.9,2020.0,skilled_agent_fight_dangerous_criminal_organization_protect_city
1820,lonely dream 1820,romance,Two strangers meet unexpectedly and slowly fall in love despite their differences,2.9,1980.0,two_stranger_meet_unexpectedly_slowly_fall_love_despite_difference
1848,lonely city 1848,sci-fi,A mysterious signal from space leads researchers to an unknown alien civilization,2.3,1993.0,mysterious_signal_space_lead_researcher_unknown_alien_civilization
352,golden shadow 352,animation,An unlikely group of animated heroes works together to protect their city,8.0,2010.0,unlikely_group_animated_hero_work_together_protect_city
1789,hidden empire 1789,animation,A young hero enters a magical world and discovers an unexpected power,9.9,1994.0,young_hero_enters_magical_world_discovers_unexpected_power
1353,lost planet 1353,action,A former soldier returns to rescue civilians from a powerful enemy,4.5,2005.0,former_soldier_return_rescue_civilian_powerful_enemy
484,infinite warrior 484,romance,A young couple struggles to keep their relationship alive while pursuing their dreams,5.1,1996.0,young_couple_struggle_keep_relationship_alive_pursuing_dream
1415,ancient secret 1415,horror,A family moves into an old house and discovers a terrifying supernatural presence,7.6,2003.0,family_move_old_house_discovers_terrifying_supernatural_presence
1527,dark planet 1527,fantasy,A group of heroes travels through a magical land to defeat an evil ruler,9.1,2008.0,group_hero_travel_magical_land_defeat_evil_ruler
60,final adventure 60,horror,Visitors to an isolated village discover a dark secret hidden by the residents,7.4,2015.0,visitor_isolated_village_discover_dark_secret_hidden_resident
837,secret mission 837,action,A police officer uncovers a conspiracy while chasing an international criminal 4767 ###,6.7,1994.0,police_officer_uncovers_conspiracy_chasing_international_criminal
410,last adventure 410,adventure,Explorers enter an unknown island filled with dangerous creatures and hidden secrets,1.8,2026.0,explorer_enter_unknown_island_filled_dangerous_creature_hidden_secret
1090,infinite kingdom 1090,drama,A businessman reevaluates his life after experiencing a major personal loss,8.0,1995.0,businessman_reevaluates_life_experiencing_major_personal_loss
163,electric warrior 163,animation,A young hero enters a magical world and discovers an unexpected power,9.8,1995.0,young_hero_enters_magical_world_discovers_unexpected_power
1816,wild kingdom 1816,comedy,A man pretends to be someone else and becomes trapped in a hilarious situation,6.4,1984.0,man_pretend_someone_else_becomes_trapped_hilarious_situation
582,lonely empire 582,drama,A businessman reevaluates his life after experiencing a major personal loss,9.2,2012.0,businessman_reevaluates_life_experiencing_major_personal_loss
1259,frozen adventure 1259,crime,A young man becomes involved with a criminal organization and struggles to escape,3.6,2011.0,young_man_becomes_involved_criminal_organization_struggle_escape
465,unknown mission 465,drama,Two brothers confront their troubled past after returning to their hometown 5961 ###,7.1,1988.0,two_brother_confront_troubled_past_returning_hometown
835,electric heart 835,horror,Visitors to an isolated village discover a dark secret hidden by the residents,5.4,1995.0,visitor_isolated_village_discover_dark_secret_hidden_resident
1134,midnight dream 1134,animation,An unlikely group of animated heroes works together to protect their city,5.9,2000.0,unlikely_group_animated_hero_work_together_protect_city
1074,electric memory 1074,animation,A curious child befriends a magical creature and explores a hidden kingdom,6.6,2009.0,curious_child_befriends_magical_creature_explores_hidden_kingdom
549,final journey 549,romance,Two people from different backgrounds begin a complicated romantic relationship,1.4,2025.0,two_people_different_background_begin_complicated_romantic_relationship
1069,ancient storm 1069,comedy,A family vacation turns into a collection of ridiculous and embarrassing situations,6.6,2025.0,family_vacation_turn_collection_ridiculous_embarrassing_situation
1810,burning night 1810,romance,A musician falls in love with an artist while both struggle with their careers,4.7,2001.0,musician_fall_love_artist_struggle_career
295,wild adventure 295,animation,A curious child befriends a magical creature and explores a hidden kingdom,5.5440406976744185,1991.0,curious_child_befriends_magical_creature_explores_hidden_kingdom
1925,lost journey 1925,crime,Police officers investigate a series of robberies committed by a mysterious gang,8.9,1982.0,police_officer_investigate_series_robbery_committed_mysterious_gang
77,final memory 77,animation,An unlikely group of animated heroes works together to protect their city,3.7,2015.0,unlikely_group_animated_hero_work_together_protect_city
206,final dream 206,horror,A family moves into an old house and discovers a terrifying supernatural presence,2.2,2002.0,family_move_old_house_discovers_terrifying_supernatural_presence
1531,electric secret 1531,sci-fi,Humans use advanced technology to travel through time and change the future,4.0,2008.0,human_use_advanced_technology_travel_time_change_future
1593,broken shadow 1593,horror,A group of friends becomes trapped in a forest where something mysterious follows them,5.5440406976744185,1983.0,group_friend_becomes_trapped_forest_something_mysterious_follows
830,last hero 830,action,A superhero battles villains who threaten to destroy the world,7.5,2015.0,superhero_battle_villain_threaten_destroy_world
415,golden heart 415,fantasy,A group of heroes travels through a magical land to defeat an evil ruler,6.0,1998.0,group_hero_travel_magical_land_defeat_evil_ruler
756,last mission 756,sci-fi,A team of astronauts travels through deep space to discover a new planet for humanity,2.6,1996.0,team_astronaut_travel_deep_space_discover_new_planet_humanity
1233,hidden mission 1233,animation,A group of talking animals works together to save their home from danger,8.0,2007.0,group_talking_animal_work_together_save_home_danger
977,silent planet 977,horror,A family moves into an old house and discovers a terrifying supernatural presence,2.2,1981.0,family_move_old_house_discovers_terrifying_supernatural_presence
394,final hero 394,action,A police officer uncovers a conspiracy while chasing an international criminal,5.8,2026.0,police_officer_uncovers_conspiracy_chasing_international_criminal
969,midnight heart 969,romance,A YOUNG COUPLE STRUGGLES TO KEEP THEIR RELATIONSHIP ALIVE WHILE PURSUING THEIR DREAMS !!! @#$,1.8,2004.0,young_couple_struggle_keep_relationship_alive_pursuing_dream
31,hidden road 31,drama,A talented student works hard to overcome personal and financial challenges 4770 ###,1.6,1981.0,talented_student_work_hard_overcome_personal_financial_challenge
1182,frozen city 1182,romance,A young couple struggles to keep their relationship alive while pursuing their dreams,5.7,2020.0,young_couple_struggle_keep_relationship_alive_pursuing_dream
1938,last story 1938,comedy,A FAMILY VACATION TURNS INTO A COLLECTION OF RIDICULOUS AND EMBARRASSING SITUATIONS !!! @#$,2.5,1999.0,family_vacation_turn_collection_ridiculous_embarrassing_situation
446,last memory 446,animation,Toys secretly come alive and begin an exciting adventure when humans leave,8.2,2025.0,toy_secretly_come_alive_begin_exciting_adventure_human_leave
2000,wild heart 2000,horror,A family moves into an old house and discovers a terrifying supernatural presence,5.2,2007.0,family_move_old_house_discovers_terrifying_supernatural_presence
1574,wild kingdom 1574,crime,A detective investigates a complicated murder connected to organized crime,7.0,1980.0,detective_investigates_complicated_murder_connected_organized_crime
1041,crimson hero 1041,sci-fi,Humans use advanced technology to travel through time and change the future,1.9,2014.0,human_use_advanced_technology_travel_time_change_future
1671,ancient kingdom 1671,animation,A group of talking animals works together to save their home from danger,1.9,2010.0,group_talking_animal_work_together_save_home_danger
1689,burning signal 1689,adventure,Friends follow an ancient map that leads them on an unexpected adventure,5.8,1993.0,friend_follow_ancient_map_lead_unexpected_adventure
1607,frozen world 1607,romance,A musician falls in love with an artist while both struggle with their careers,4.8,1985.0,musician_fall_love_artist_struggle_career
1422,hidden city 1422,drama,Two brothers confront their troubled past after returning to their hometown,8.5,1985.0,two_brother_confront_troubled_past_returning_hometown
1695,golden signal 1695,horror,Visitors to an isolated village discover a dark secret hidden by the residents,6.9,2012.0,visitor_isolated_village_discover_dark_secret_hidden_resident
45,lonely journey 45,fantasy,A mysterious portal transports a student into a world of magic and mythical creatures,1.5,2017.0,mysterious_portal_transport_student_world_magic_mythical_creature
1903,crimson story 1903,animation,Toys secretly come alive and begin an exciting adventure when humans leave,6.6,2018.0,toy_secretly_come_alive_begin_exciting_adventure_human_leave
1605,secret empire 1605,comedy,A group of friends gets into hilarious trouble during a weekend trip,9.6,2003.0,group_friend_get_hilarious_trouble_weekend_trip
169,last warrior 169,animation,An unlikely group of animated heroes works together to protect their city,4.4,2000.0,unlikely_group_animated_hero_work_together_protect_city
304,infinite heart 304,adventure,   Friends follow an ancient map that leads them on an unexpected adventure   ,1.3,1989.0,friend_follow_ancient_map_lead_unexpected_adventure
1928,hidden city 1928,drama,A businessman reevaluates his life after experiencing a major personal loss,8.8,2017.0,businessman_reevaluates_life_experiencing_major_personal_loss
1386,midnight memory 1386,fantasy,An ancient prophecy sends unlikely heroes on a dangerous magical journey,2.2,1998.0,ancient_prophecy_sends_unlikely_hero_dangerous_magical_journey
353,silent secret 353,sci-fi,A scientist builds an intelligent robot that begins to understand human emotions,6.0,2022.0,scientist_build_intelligent_robot_begin_understand_human_emotion
1503,unknown memory 1503,drama,A businessman reevaluates his life after experiencing a major personal loss,3.6,1980.0,businessman_reevaluates_life_experiencing_major_personal_loss
1532,ancient shadow 1532,drama,A businessman reevaluates his life after experiencing a major personal loss,8.2,2000.0,businessman_reevaluates_life_experiencing_major_personal_loss
1345,midnight world 1345,action,A superhero battles villains who threaten to destroy the world,7.1,2023.0,superhero_battle_villain_threaten_destroy_world
528,lonely memory 528,comedy,A man pretends to be someone else and becomes trapped in a hilarious situation,7.5,1998.0,man_pretend_someone_else_becomes_trapped_hilarious_situation
262,unknown hero 262,action,A police officer uncovers a conspiracy while chasing an international criminal,6.8,2001.0,police_officer_uncovers_conspiracy_chasing_international_criminal
679,wild story 679,sci-fi,Humans use advanced technology to travel through time and change the future,6.6,2018.0,human_use_advanced_technology_travel_time_change_future
744,infinite mission 744,crime,Police officers investigate a series of robberies committed by a mysterious gang 9529 ###,5.7,1991.0,police_officer_investigate_series_robbery_committed_mysterious_gang
650,crimson world 650,romance,A young couple struggles to keep their relationship alive while pursuing their dreams,3.3,1999.0,young_couple_struggle_keep_relationship_alive_pursuing_dream
1112,golden memory 1112,animation,A group of talking animals works together to save their home from danger,9.2,2025.0,group_talking_animal_work_together_save_home_danger
354,burning heart 354,drama,A businessman reevaluates his life after experiencing a major personal loss,5.5440406976744185,2009.0,businessman_reevaluates_life_experiencing_major_personal_loss
901,   hidden heart 901   ,fantasy,A GROUP OF HEROES TRAVELS THROUGH A MAGICAL LAND TO DEFEAT AN EVIL RULER !!! @#$,1.1,1982.0,group_hero_travel_magical_land_defeat_evil_ruler
1164,electric empire 1164,action,A former soldier returns to rescue civilians from a powerful enemy,1.7,1980.0,former_soldier_return_rescue_civilian_powerful_enemy
186,last night 186,romance,Childhood friends reunite years later and discover feelings for each other 4289 ###,7.7,1991.0,childhood_friend_reunite_year_later_discover_feeling
573,last storm 573,adventure,Friends follow an ancient map that leads them on an unexpected adventure,3.3,1984.0,friend_follow_ancient_map_lead_unexpected_adventure
1300,secret adventure 1300,comedy,A family vacation turns into a collection of ridiculous and embarrassing situations,3.3,2017.0,family_vacation_turn_collection_ridiculous_embarrassing_situation
301,ancient story 301, fantasy ,A young warrior discovers magical powers and must protect an ancient kingdom,1.7,2020.0,young_warrior_discovers_magical_power_must_protect_ancient_kingdom
839,broken night 839,horror,A family moves into an old house and discovers a terrifying supernatural presence,4.6,2001.0,family_move_old_house_discovers_terrifying_supernatural_presence
1010,wild mission 1010,adventure,A captain leads a crew across the ocean in search of a lost kingdom,8.6,1984.0,captain_lead_crew_across_ocean_search_lost_kingdom
1557,final memory 1557,drama,A teacher inspires struggling students while facing challenges in his own life,9.5,2017.0,teacher_inspires_struggling_student_facing_challenge_life
1722,dark adventure 1722,crime,An investigator uncovers corruption involving powerful people in the city,8.6,1983.0,investigator_uncovers_corruption_involving_powerful_people_city
1323,frozen heart 1323,horror,A group of friends becomes trapped in a forest where something mysterious follows them,4.9,1993.0,group_friend_becomes_trapped_forest_something_mysterious_follows
1565,lonely night 1565,horror,A family moves into an old house and discovers a terrifying supernatural presence,7.3,2026.0,family_move_old_house_discovers_terrifying_supernatural_presence
316,last city 316,fantasy,A mysterious portal transports a student into a world of magic and mythical creatures,6.8,2008.0,mysterious_portal_transport_student_world_magic_mythical_creature
1476,hidden story 1476,animation,An unlikely group of animated heroes works together to protect their city,5.5,1990.0,unlikely_group_animated_hero_work_together_protect_city
454,final city 454,animation,Toys secretly come alive and begin an exciting adventure when humans leave,3.7,2011.0,toy_secretly_come_alive_begin_exciting_adventure_human_leave
807,burning dream 807,crime,A detective investigates a complicated murder connected to organized crime,5.3,1988.0,detective_investigates_complicated_murder_connected_organized_crime
176,frozen storm 176,comedy,An unlucky employee creates chaos while trying to impress a new manager,3.1,2020.0,unlucky_employee_creates_chaos_trying_impress_new_manager
1883,last storm 1883,crime,A criminal mastermind plans a risky robbery while detectives follow his movements,1.2,2026.0,criminal_mastermind_plan_risky_robbery_detective_follow_movement
983,ancient road 983,horror,A group of friends becomes trapped in a forest where something mysterious follows them,7.8,1984.0,group_friend_becomes_trapped_forest_something_mysterious_follows
1733,midnight heart 1733,romance,Two people from different backgrounds begin a complicated romantic relationship,7.5,2004.0,two_people_different_background_begin_complicated_romantic_relationship
124,secret road 124,horror,A family moves into an old house and discovers a terrifying supernatural presence 2958 ###,7.5,2000.0,family_move_old_house_discovers_terrifying_supernatural_presence
472,lonely storm 472,crime,An investigator uncovers corruption involving powerful people in the city,5.5440406976744185,2003.0,investigator_uncovers_corruption_involving_powerful_people_city
533,infinite hero 533,animation,A young hero enters a magical world and discovers an unexpected power,7.9,1984.0,young_hero_enters_magical_world_discovers_unexpected_power
608,final heart 608,adventure,   A young traveler begins a dangerous journey across mountains and forests   ,7.6,2015.0,young_traveler_begin_dangerous_journey_across_mountain_forest
395,lost world 395,comedy,Two roommates experience a series of funny misunderstandings and unexpected events,5.2,2026.0,two_roommate_experience_series_funny_misunderstanding_unexpected_event
1344,ancient mission 1344,romance,A young couple struggles to keep their relationship alive while pursuing their dreams,7.9,2023.0,young_couple_struggle_keep_relationship_alive_pursuing_dream
40,lonely dream 40,drama,A family struggles with relationships and difficult choices after an unexpected event,6.9,2014.0,family_struggle_relationship_difficult_choice_unexpected_event
463,infinite dream 463,animation,An unlikely group of animated heroes works together to protect their city,2.8,2014.0,unlikely_group_animated_hero_work_together_protect_city
1804,infinite city 1804,adventure,Explorers enter an unknown island filled with dangerous creatures and hidden secrets,5.1,2015.0,explorer_enter_unknown_island_filled_dangerous_creature_hidden_secret
583,   wild story 583   ,adventure,A young traveler begins a dangerous journey across mountains and forests,1.2,2018.0,young_traveler_begin_dangerous_journey_across_mountain_forest
332,wild memory 332,horror,A woman begins seeing frightening events after finding a mysterious object,3.2,1990.0,woman_begin_seeing_frightening_event_finding_mysterious_object
535,wild secret 535,sci-fi,A crew becomes stranded on a distant planet after their spacecraft is damaged,6.7,2012.0,crew_becomes_stranded_distant_planet_spacecraft_damaged
409,burning city 409,crime,A criminal mastermind plans a risky robbery while detectives follow his movements,3.2,1993.0,criminal_mastermind_plan_risky_robbery_detective_follow_movement
195,dark journey 195,romance,Childhood friends reunite years later and discover feelings for each other,10.0,1987.0,childhood_friend_reunite_year_later_discover_feeling
615,frozen planet 615,fantasy,A young warrior discovers magical powers and must protect an ancient kingdom,1.2,1990.0,young_warrior_discovers_magical_power_must_protect_ancient_kingdom
1005,dark kingdom 1005,comedy,An unlucky employee creates chaos while trying to impress a new manager,10.3,2002.0,unlucky_employee_creates_chaos_trying_impress_new_manager
706,dark secret 706,horror,A group of friends becomes trapped in a forest where something mysterious follows them,6.0,2004.0,group_friend_becomes_trapped_forest_something_mysterious_follows
323,final memory 323,romance,TWO PEOPLE FROM DIFFERENT BACKGROUNDS BEGIN A COMPLICATED ROMANTIC RELATIONSHIP !!! @#$,4.0,2016.0,two_people_different_background_begin_complicated_romantic_relationship
267,crimson heart 267,romance,A young couple struggles to keep their relationship alive while pursuing their dreams,2.5,2024.0,young_couple_struggle_keep_relationship_alive_pursuing_dream
1547,silent city 1547,sci-fi,A CREW BECOMES STRANDED ON A DISTANT PLANET AFTER THEIR SPACECRAFT IS DAMAGED !!! @#$,6.1,2018.0,crew_becomes_stranded_distant_planet_spacecraft_damaged
1054,midnight hero 1054,action,A SKILLED AGENT FIGHTS A DANGEROUS CRIMINAL ORGANIZATION TO PROTECT THE CITY !!! @#$,8.1,2014.0,skilled_agent_fight_dangerous_criminal_organization_protect_city
1865,burning warrior 1865,animation,A group of talking animals works together to save their home from danger,9.3,2009.0,group_talking_animal_work_together_save_home_danger
637,secret empire 637,horror,A family moves into an old house and discovers a terrifying supernatural presence,9.8,1994.0,family_move_old_house_discovers_terrifying_supernatural_presence
1678,secret dream 1678,drama,A teacher inspires struggling students while facing challenges in his own life,2.6,2010.0,teacher_inspires_struggling_student_facing_challenge_life
544,lost warrior 544,action,A POLICE OFFICER UNCOVERS A CONSPIRACY WHILE CHASING AN INTERNATIONAL CRIMINAL !!! @#$,3.4,1984.0,police_officer_uncovers_conspiracy_chasing_international_criminal
1274,secret world 1274,animation,A curious child befriends a magical creature and explores a hidden kingdom,6.3,2000.0,curious_child_befriends_magical_creature_explores_hidden_kingdom
1855,   frozen empire 1855   ,animation,An unlikely group of animated heroes works together to protect their city,7.2,1990.0,unlikely_group_animated_hero_work_together_protect_city
1651,broken storm 1651,adventure,Friends follow an ancient map that leads them on an unexpected adventure,1.6,2001.0,friend_follow_ancient_map_lead_unexpected_adventure
1615,infinite secret 1615,horror,A WOMAN BEGINS SEEING FRIGHTENING EVENTS AFTER FINDING A MYSTERIOUS OBJECT !!! @#$,6.7,2003.0,woman_begin_seeing_frightening_event_finding_mysterious_object
813,burning dream 813,fantasy,A prince must recover a powerful magical object before it falls into evil hands,1.1,2021.0,prince_must_recover_powerful_magical_object_fall_evil_hand
1011,frozen city 1011,horror,A family moves into an old house and discovers a terrifying supernatural presence,7.3,1997.0,family_move_old_house_discovers_terrifying_supernatural_presence
1076,ancient memory 1076,romance,Two strangers meet unexpectedly and slowly fall in love despite their differences,6.2,2026.0,two_stranger_meet_unexpectedly_slowly_fall_love_despite_difference
1139,lost kingdom 1139,sci-fi,A TEAM OF ASTRONAUTS TRAVELS THROUGH DEEP SPACE TO DISCOVER A NEW PLANET FOR HUMANITY !!! @#$,14.4,2017.0,team_astronaut_travel_deep_space_discover_new_planet_humanity
963,hidden warrior 963,crime,A criminal mastermind plans a risky robbery while detectives follow his movements,8.8,2014.0,criminal_mastermind_plan_risky_robbery_detective_follow_movement
1567,hidden secret 1567,action,A superhero battles villains who threaten to destroy the world,4.7,1990.0,superhero_battle_villain_threaten_destroy_world
1442,burning planet 1442,fantasy,An ancient prophecy sends unlikely heroes on a dangerous magical journey,5.5,1981.0,ancient_prophecy_sends_unlikely_hero_dangerous_magical_journey
832,wild storm 832,drama,A family struggles with relationships and difficult choices after an unexpected event,3.3,2006.0,family_struggle_relationship_difficult_choice_unexpected_event
366,frozen planet 366,drama,A businessman reevaluates his life after experiencing a major personal loss,4.7,2021.0,businessman_reevaluates_life_experiencing_major_personal_loss
1352,wild story 1352,action,A former soldier returns to rescue civilians from a powerful enemy,3.2,2005.0,former_soldier_return_rescue_civilian_powerful_enemy
1111,wild kingdom 1111,fantasy,An ancient prophecy sends unlikely heroes on a dangerous magical journey,2.0,2014.0,ancient_prophecy_sends_unlikely_hero_dangerous_magical_journey
687,golden empire 687,drama,A businessman reevaluates his life after experiencing a major personal loss,3.1,1980.0,businessman_reevaluates_life_experiencing_major_personal_loss
1240,lost secret 1240,fantasy,A group of heroes travels through a magical land to defeat an evil ruler 3814 ###,7.4,1998.0,group_hero_travel_magical_land_defeat_evil_ruler
1469,last hero 1469,action,A skilled agent fights a dangerous criminal organization to protect the city,9.0,2022.0,skilled_agent_fight_dangerous_criminal_organization_protect_city
1782,lost world 1782,fantasy,A young warrior discovers magical powers and must protect an ancient kingdom,5.9,2001.0,young_warrior_discovers_magical_power_must_protect_ancient_kingdom
1028,wild hero 1028,adventure,A young traveler begins a dangerous journey across mountains and forests,6.1,2004.0,young_traveler_begin_dangerous_journey_across_mountain_forest
1891,golden shadow 1891,action,A police officer uncovers a conspiracy while chasing an international criminal 8387 ###,1.0,2020.0,police_officer_uncovers_conspiracy_chasing_international_criminal
1294,dark mission 1294,sci-fi,A crew becomes stranded on a distant planet after their spacecraft is damaged,6.4,1984.0,crew_becomes_stranded_distant_planet_spacecraft_damaged
1592,broken world 1592,sci-fi,Humans use advanced technology to travel through time and change the future,7.8,1987.0,human_use_advanced_technology_travel_time_change_future
344,silent warrior 344, crime ,An investigator uncovers corruption involving powerful people in the city,3.9,2005.0,investigator_uncovers_corruption_involving_powerful_people_city
399,golden mission 399,comedy,   A group of friends gets into hilarious trouble during a weekend trip   ,6.3,2008.0,group_friend_get_hilarious_trouble_weekend_trip
1552,unknown planet 1552,animation,A young hero enters a magical world and discovers an unexpected power,3.6,2013.0,young_hero_enters_magical_world_discovers_unexpected_power
293,frozen story 293,crime,A detective investigates a complicated murder connected to organized crime,7.8,1992.0,detective_investigates_complicated_murder_connected_organized_crime
1467,silent world 1467,sci-fi,Humans use advanced technology to travel through time and change the future,5.3,1980.0,human_use_advanced_technology_travel_time_change_future
1874,unknown story 1874,crime,Police officers investigate a series of robberies committed by a mysterious gang,3.8,2006.0,police_officer_investigate_series_robbery_committed_mysterious_gang
1942,infinite shadow 1942,action,A former soldier returns to rescue civilians from a powerful enemy,2.4,2012.0,former_soldier_return_rescue_civilian_powerful_enemy
1245,frozen signal 1245,romance,Childhood friends reunite years later and discover feelings for each other,6.0,1982.0,childhood_friend_reunite_year_later_discover_feeling
3,broken secret 3,comedy,A man pretends to be someone else and becomes trapped in a hilarious situation,1.2,1992.0,man_pretend_someone_else_becomes_trapped_hilarious_situation
340,secret memory 340,crime,AN INVESTIGATOR UNCOVERS CORRUPTION INVOLVING POWERFUL PEOPLE IN THE CITY !!! @#$,2.1,1986.0,investigator_uncovers_corruption_involving_powerful_people_city
742,   midnight adventure 742   ,sci-fi,A scientist builds an intelligent robot that begins to understand human emotions,1.4,2000.0,scientist_build_intelligent_robot_begin_understand_human_emotion
266,lonely secret 266,crime,   A detective investigates a complicated murder connected to organized crime   ,7.0,2019.0,detective_investigates_complicated_murder_connected_organized_crime
980,silent secret 980,drama,A teacher inspires struggling students while facing challenges in his own life,5.2,2021.0,teacher_inspires_struggling_student_facing_challenge_life
440,brave road 440,romance,Two people from different backgrounds begin a complicated romantic relationship,8.5,2004.0,two_people_different_background_begin_complicated_romantic_relationship
272,golden memory 272,romance,A YOUNG COUPLE STRUGGLES TO KEEP THEIR RELATIONSHIP ALIVE WHILE PURSUING THEIR DREAMS !!! @#$,8.9,1983.0,young_couple_struggle_keep_relationship_alive_pursuing_dream
245,last secret 245,romance,Two strangers meet unexpectedly and slowly fall in love despite their differences,5.8,1992.0,two_stranger_meet_unexpectedly_slowly_fall_love_despite_difference
1165,golden city 1165,animation,Toys secretly come alive and begin an exciting adventure when humans leave,3.7,2021.0,toy_secretly_come_alive_begin_exciting_adventure_human_leave
998,brave city 998,adventure,A young traveler begins a dangerous journey across mountains and forests,8.8,1991.0,young_traveler_begin_dangerous_journey_across_mountain_forest
1468,ancient hero 1468,romance,A musician falls in love with an artist while both struggle with their careers,7.9,2014.0,musician_fall_love_artist_struggle_career
416,electric hero 416,animation,Toys secretly come alive and begin an exciting adventure when humans leave,3.8,2003.0,toy_secretly_come_alive_begin_exciting_adventure_human_leave
274,unknown mission 274,action,A former soldier returns to rescue civilians from a powerful enemy,3.5,2012.0,former_soldier_return_rescue_civilian_powerful_enemy
862,crimson planet 862,adventure,Friends follow an ancient map that leads them on an unexpected adventure,6.2,2021.0,friend_follow_ancient_map_lead_unexpected_adventure
251,last night 251,crime,A criminal mastermind plans a risky robbery while detectives follow his movements,5.1,1983.0,criminal_mastermind_plan_risky_robbery_detective_follow_movement
1186,frozen storm 1186,adventure,Friends follow an ancient map that leads them on an unexpected adventure,8.6,2008.0,friend_follow_ancient_map_lead_unexpected_adventure
1414,lost world 1414,romance,Two people from different backgrounds begin a complicated romantic relationship,6.3,1995.0,two_people_different_background_begin_complicated_romantic_relationship
311,lonely hero 311,action,A superhero battles villains who threaten to destroy the world,9.0,1990.0,superhero_battle_villain_threaten_destroy_world
1341,frozen dream 1341,drama,A talented student works hard to overcome personal and financial challenges,2.1,1985.0,talented_student_work_hard_overcome_personal_financial_challenge
1387,ancient signal 1387,animation,   A curious child befriends a magical creature and explores a hidden kingdom   ,8.2,2020.0,curious_child_befriends_magical_creature_explores_hidden_kingdom
1923,silent dream 1923,sci-fi,A crew becomes stranded on a distant planet after their spacecraft is damaged,8.8,2026.0,crew_becomes_stranded_distant_planet_spacecraft_damaged
1361,last empire 1361,animation,Toys secretly come alive and begin an exciting adventure when humans leave,2.3,1988.0,toy_secretly_come_alive_begin_exciting_adventure_human_leave
1465,midnight story 1465,adventure,A captain leads a crew across the ocean in search of a lost kingdom,3.5,2022.0,captain_lead_crew_across_ocean_search_lost_kingdom
820,midnight hero 820,animation,An unlikely group of animated heroes works together to protect their city,7.3,2025.0,unlikely_group_animated_hero_work_together_protect_city
1117,wild mission 1117,animation,An unlikely group of animated heroes works together to protect their city,3.0,2004.0,unlikely_group_animated_hero_work_together_protect_city
1478,silent mission 1478,fantasy,A group of heroes travels through a magical land to defeat an evil ruler,3.3,2016.0,group_hero_travel_magical_land_defeat_evil_ruler
527,midnight city 527,animation,A YOUNG HERO ENTERS A MAGICAL WORLD AND DISCOVERS AN UNEXPECTED POWER !!! @#$,3.5,1985.0,young_hero_enters_magical_world_discovers_unexpected_power
1601,silent planet 1601,sci-fi,A scientist builds an intelligent robot that begins to understand human emotions,1.8,2017.0,scientist_build_intelligent_robot_begin_understand_human_emotion
760,last signal 760,sci-fi,   Humans use advanced technology to travel through time and change the future   ,2.0,2023.0,human_use_advanced_technology_travel_time_change_future
183,frozen night 183,fantasy,A group of heroes travels through a magical land to defeat an evil ruler,3.9,2002.0,group_hero_travel_magical_land_defeat_evil_ruler
171,broken mission 171,horror,   A woman begins seeing frightening events after finding a mysterious object   ,9.8,2020.0,woman_begin_seeing_frightening_event_finding_mysterious_object
1832,last city 1832,fantasy,A prince must recover a powerful magical object before it falls into evil hands,6.7,2011.0,prince_must_recover_powerful_magical_object_fall_evil_hand
1677,broken world 1677, crime ,An investigator uncovers corruption involving powerful people in the city,6.2,2016.0,investigator_uncovers_corruption_involving_powerful_people_city
1180,golden adventure 1180,action,A skilled agent fights a dangerous criminal organization to protect the city,5.5440406976744185,1991.0,skilled_agent_fight_dangerous_criminal_organization_protect_city
1780,hidden heart 1780,fantasy,An ancient prophecy sends unlikely heroes on a dangerous magical journey,1.2,1980.0,ancient_prophecy_sends_unlikely_hero_dangerous_magical_journey
1619,lost dream 1619,romance,Two strangers meet unexpectedly and slowly fall in love despite their differences,6.8,2004.0,two_stranger_meet_unexpectedly_slowly_fall_love_despite_difference
747,unknown planet 747,adventure,Friends follow an ancient map that leads them on an unexpected adventure,5.8,2015.0,friend_follow_ancient_map_lead_unexpected_adventure
273,infinite hero 273,drama,A family struggles with relationships and difficult choices after an unexpected event,7.4,2013.0,family_struggle_relationship_difficult_choice_unexpected_event
1670,infinite storm 1670,sci-fi,A team of astronauts travels through deep space to discover a new planet for humanity,7.1,1989.0,team_astronaut_travel_deep_space_discover_new_planet_humanity
1888,hidden city 1888,action,A superhero battles villains who threaten to destroy the world,5.5440406976744185,1991.0,superhero_battle_villain_threaten_destroy_world
1045,hidden heart 1045,sci-fi,   A team of astronauts travels through deep space to discover a new planet for humanity   ,1.8,2005.0,team_astronaut_travel_deep_space_discover_new_planet_humanity
372,golden dream 372,horror,A journalist investigates strange disappearances connected to an abandoned building 5215 ###,2.5,2009.0,journalist_investigates_strange_disappearance_connected_abandoned_building
223,golden city 223,crime,A criminal mastermind plans a risky robbery while detectives follow his movements,3.0,1986.0,criminal_mastermind_plan_risky_robbery_detective_follow_movement
594,burning signal 594,action,A skilled agent fights a dangerous criminal organization to protect the city,4.4,2022.0,skilled_agent_fight_dangerous_criminal_organization_protect_city
1526,frozen empire 1526,crime,A criminal mastermind plans a risky robbery while detectives follow his movements,3.4,2005.0,criminal_mastermind_plan_risky_robbery_detective_follow_movement
655,secret story 655,adventure,Explorers enter an unknown island filled with dangerous creatures and hidden secrets,2.7,2013.0,explorer_enter_unknown_island_filled_dangerous_creature_hidden_secret
916,dark city 916,action,A former soldier returns to rescue civilians from a powerful enemy,8.9,1992.0,former_soldier_return_rescue_civilian_powerful_enemy
519,frozen mission 519,comedy,An unlucky employee creates chaos while trying to impress a new manager,6.3,2013.0,unlucky_employee_creates_chaos_trying_impress_new_manager
335,burning adventure 335,animation,A young hero enters a magical world and discovers an unexpected power,10.3,2002.0,young_hero_enters_magical_world_discovers_unexpected_power
1423,dark shadow 1423,action,A former soldier returns to rescue civilians from a powerful enemy,5.3,2008.0,former_soldier_return_rescue_civilian_powerful_enemy
1581,final journey 1581,romance,A MUSICIAN FALLS IN LOVE WITH AN ARTIST WHILE BOTH STRUGGLE WITH THEIR CAREERS !!! @#$,5.6,2000.0,musician_fall_love_artist_struggle_career
1597,ancient night 1597,crime,A detective investigates a complicated murder connected to organized crime,3.1,2026.0,detective_investigates_complicated_murder_connected_organized_crime
772,unknown memory 772,action,A skilled agent fights a dangerous criminal organization to protect the city,9.1,2000.0,skilled_agent_fight_dangerous_criminal_organization_protect_city
16,silent story 16,drama,A talented student works hard to overcome personal and financial challenges,3.2,2015.0,talented_student_work_hard_overcome_personal_financial_challenge
944,wild adventure 944,sci-fi,Humans use advanced technology to travel through time and change the future,5.5440406976744185,1985.0,human_use_advanced_technology_travel_time_change_future
1613,unknown storm 1613,drama,A family struggles with relationships and difficult choices after an unexpected event,4.7,1982.0,family_struggle_relationship_difficult_choice_unexpected_event
1660,crimson warrior 1660,sci-fi,A crew becomes stranded on a distant planet after their spacecraft is damaged,5.5,2024.0,crew_becomes_stranded_distant_planet_spacecraft_damaged
1818,infinite shadow 1818,sci-fi,A scientist builds an intelligent robot that begins to understand human emotions,3.4,1986.0,scientist_build_intelligent_robot_begin_understand_human_emotion
571,lonely road 571,crime,A detective investigates a complicated murder connected to organized crime,5.2,1988.0,detective_investigates_complicated_murder_connected_organized_crime
889,final dream 889,sci-fi,A crew becomes stranded on a distant planet after their spacecraft is damaged,3.4,2025.0,crew_becomes_stranded_distant_planet_spacecraft_damaged
1736,crimson world 1736,animation,A curious child befriends a magical creature and explores a hidden kingdom 8961 ###,5.3,1998.0,curious_child_befriends_magical_creature_explores_hidden_kingdom
466,secret city 466,comedy,A family vacation turns into a collection of ridiculous and embarrassing situations,8.1,1984.0,family_vacation_turn_collection_ridiculous_embarrassing_situation
907,secret journey 907,romance,A musician falls in love with an artist while both struggle with their careers,7.4,2015.0,musician_fall_love_artist_struggle_career
200,hidden signal 200,adventure,Friends follow an ancient map that leads them on an unexpected adventure,9.1,2021.0,friend_follow_ancient_map_lead_unexpected_adventure
1303,frozen signal 1303,adventure,Explorers enter an unknown island filled with dangerous creatures and hidden secrets,1.2,2018.0,explorer_enter_unknown_island_filled_dangerous_creature_hidden_secret
1494,hidden memory 1494,animation,A curious child befriends a magical creature and explores a hidden kingdom,3.1,2018.0,curious_child_befriends_magical_creature_explores_hidden_kingdom
1407,brave journey 1407,romance,Two people from different backgrounds begin a complicated romantic relationship,12.1,2006.0,two_people_different_background_begin_complicated_romantic_relationship
1000,final dream 1000,horror,A group of friends becomes trapped in a forest where something mysterious follows them,9.6,1980.0,group_friend_becomes_trapped_forest_something_mysterious_follows
858,unknown story 858,drama,A teacher inspires struggling students while facing challenges in his own life,8.7,1983.0,teacher_inspires_struggling_student_facing_challenge_life
1655,brave world 1655,animation,Toys secretly come alive and begin an exciting adventure when humans leave,1.6,2014.0,toy_secretly_come_alive_begin_exciting_adventure_human_leave
789,dark warrior 789,sci-fi,A team of astronauts travels through deep space to discover a new planet for humanity,7.3,2013.0,team_astronaut_travel_deep_space_discover_new_planet_humanity
44,frozen city 44,crime,A young man becomes involved with a criminal organization and struggles to escape,3.7,1983.0,young_man_becomes_involved_criminal_organization_struggle_escape
931,electric adventure 931,adventure,   A captain leads a crew across the ocean in search of a lost kingdom   ,1.0,1982.0,captain_lead_crew_across_ocean_search_lost_kingdom
275,ancient mission 275,romance,A young couple struggles to keep their relationship alive while pursuing their dreams,8.4,2002.0,young_couple_struggle_keep_relationship_alive_pursuing_dream
1453,burning heart 1453,crime,A detective investigates a complicated murder connected to organized crime,3.4,2000.0,detective_investigates_complicated_murder_connected_organized_crime
102,midnight heart 102,adventure,EXPLORERS ENTER AN UNKNOWN ISLAND FILLED WITH DANGEROUS CREATURES AND HIDDEN SECRETS !!! @#$,7.8,2006.0,explorer_enter_unknown_island_filled_dangerous_creature_hidden_secret
1152,golden heart 1152,animation,A young hero enters a magical world and discovers an unexpected power,1.7,2017.0,young_hero_enters_magical_world_discovers_unexpected_power
860,hidden adventure 860, drama ,A businessman reevaluates his life after experiencing a major personal loss,3.3,2003.0,businessman_reevaluates_life_experiencing_major_personal_loss
108,hidden storm 108,horror,A family moves into an old house and discovers a terrifying supernatural presence,9.4,2016.0,family_move_old_house_discovers_terrifying_supernatural_presence
810,infinite storm 810,animation,An unlikely group of animated heroes works together to protect their city,1.9,1988.0,unlikely_group_animated_hero_work_together_protect_city
498,lonely signal 498,horror,Visitors to an isolated village discover a dark secret hidden by the residents,8.4,1982.0,visitor_isolated_village_discover_dark_secret_hidden_resident
1390,broken planet 1390,horror,Visitors to an isolated village discover a dark secret hidden by the residents,1.4,1981.0,visitor_isolated_village_discover_dark_secret_hidden_resident
731,wild city 731, sci-fi ,A TEAM OF ASTRONAUTS TRAVELS THROUGH DEEP SPACE TO DISCOVER A NEW PLANET FOR HUMANITY !!! @#$,7.0,1992.0,team_astronaut_travel_deep_space_discover_new_planet_humanity
1199,hidden night 1199,crime,A detective investigates a complicated murder connected to organized crime,4.6,1994.0,detective_investigates_complicated_murder_connected_organized_crime
1913,brave shadow 1913,action,A police officer uncovers a conspiracy while chasing an international criminal,3.9,2000.0,police_officer_uncovers_conspiracy_chasing_international_criminal
1812,crimson kingdom 1812,sci-fi,Humans use advanced technology to travel through time and change the future,2.4,2005.0,human_use_advanced_technology_travel_time_change_future
1235,dark empire 1235,fantasy,   A young warrior discovers magical powers and must protect an ancient kingdom   ,9.2,1982.0,young_warrior_discovers_magical_power_must_protect_ancient_kingdom
694,infinite warrior 694,action,A former soldier returns to rescue civilians from a powerful enemy,2.0,2005.0,former_soldier_return_rescue_civilian_powerful_enemy
73,secret journey 73,comedy,A family vacation turns into a collection of ridiculous and embarrassing situations,1.0,2020.0,family_vacation_turn_collection_ridiculous_embarrassing_situation
950,last story 950,comedy,   A family vacation turns into a collection of ridiculous and embarrassing situations   ,3.9,2016.0,family_vacation_turn_collection_ridiculous_embarrassing_situation
1549,lonely heart 1549,action,A former soldier returns to rescue civilians from a powerful enemy,5.3,2001.0,former_soldier_return_rescue_civilian_powerful_enemy
1262,electric warrior 1262,animation,A curious child befriends a magical creature and explores a hidden kingdom,5.0,1982.0,curious_child_befriends_magical_creature_explores_hidden_kingdom
1620,brave mission 1620,animation,An unlikely group of animated heroes works together to protect their city,9.2,2007.0,unlikely_group_animated_hero_work_together_protect_city
482,ancient heart 482,fantasy,A young warrior discovers magical powers and must protect an ancient kingdom,7.3,1993.0,young_warrior_discovers_magical_power_must_protect_ancient_kingdom
1158,final memory 1158,fantasy,A group of heroes travels through a magical land to defeat an evil ruler,6.2,2015.0,group_hero_travel_magical_land_defeat_evil_ruler
507,frozen city 507,animation,An unlikely group of animated heroes works together to protect their city,6.7,2020.0,unlikely_group_animated_hero_work_together_protect_city
1223,midnight warrior 1223,crime,Police officers investigate a series of robberies committed by a mysterious gang,3.4,2024.0,police_officer_investigate_series_robbery_committed_mysterious_gang
908,lonely empire 908,horror,A group of friends becomes trapped in a forest where something mysterious follows them,6.1,2014.0,group_friend_becomes_trapped_forest_something_mysterious_follows
1056,final empire 1056,crime,A criminal mastermind plans a risky robbery while detectives follow his movements,1.6,1993.0,criminal_mastermind_plan_risky_robbery_detective_follow_movement
1800,lonely hero 1800,drama,Two brothers confront their troubled past after returning to their hometown,5.8,1994.0,two_brother_confront_troubled_past_returning_hometown
312,infinite secret 312,romance,A young couple struggles to keep their relationship alive while pursuing their dreams,2.1,1992.0,young_couple_struggle_keep_relationship_alive_pursuing_dream
1481,dark warrior 1481,animation,A curious child befriends a magical creature and explores a hidden kingdom,8.6,2006.0,curious_child_befriends_magical_creature_explores_hidden_kingdom
1720,unknown empire 1720, horror ,A journalist investigates strange disappearances connected to an abandoned building,3.4,1980.0,journalist_investigates_strange_disappearance_connected_abandoned_building
1320,last signal 1320,romance,A young couple struggles to keep their relationship alive while pursuing their dreams,9.5,1987.0,young_couple_struggle_keep_relationship_alive_pursuing_dream
1360,frozen secret 1360,romance,TWO PEOPLE FROM DIFFERENT BACKGROUNDS BEGIN A COMPLICATED ROMANTIC RELATIONSHIP !!! @#$,1.8,2009.0,two_people_different_background_begin_complicated_romantic_relationship
310,final adventure 310,drama,A family struggles with relationships and difficult choices after an unexpected event 6692 ###,8.3,2000.0,family_struggle_relationship_difficult_choice_unexpected_event
227,midnight signal 227,horror,A family moves into an old house and discovers a terrifying supernatural presence,2.6,1989.0,family_move_old_house_discovers_terrifying_supernatural_presence
1337,frozen city 1337,adventure,Friends follow an ancient map that leads them on an unexpected adventure,8.7,2022.0,friend_follow_ancient_map_lead_unexpected_adventure
1774,electric road 1774,romance,A musician falls in love with an artist while both struggle with their careers,4.3,2010.0,musician_fall_love_artist_struggle_career
938,midnight empire 938,action,A former soldier returns to rescue civilians from a powerful enemy,13.5,2024.0,former_soldier_return_rescue_civilian_powerful_enemy
149,final warrior 149,action,A police officer uncovers a conspiracy while chasing an international criminal,7.2,1998.0,police_officer_uncovers_conspiracy_chasing_international_criminal
765,dark world 765,action,A WARRIOR SEEKS REVENGE AFTER HIS FAMILY IS ATTACKED BY A RUTHLESS GANG !!! @#$,6.4,2014.0,warrior_seek_revenge_family_attacked_ruthless_gang
1252,crimson heart 1252,comedy,A group of friends gets into hilarious trouble during a weekend trip,3.1,2007.0,group_friend_get_hilarious_trouble_weekend_trip
693,infinite adventure 693,adventure,Friends follow an ancient map that leads them on an unexpected adventure,3.4,2026.0,friend_follow_ancient_map_lead_unexpected_adventure
965,dark road 965,sci-fi,Humans use advanced technology to travel through time and change the future,3.7,2011.0,human_use_advanced_technology_travel_time_change_future
988,burning hero 988,comedy,   A family vacation turns into a collection of ridiculous and embarrassing situations   ,9.9,1982.0,family_vacation_turn_collection_ridiculous_embarrassing_situation
576,wild empire 576,animation,A group of talking animals works together to save their home from danger,4.4,2007.0,group_talking_animal_work_together_save_home_danger
558,midnight world 558,sci-fi,A mysterious signal from space leads researchers to an unknown alien civilization 6038 ###,8.6,2026.0,mysterious_signal_space_lead_researcher_unknown_alien_civilization
1747,midnight planet 1747,sci-fi,A crew becomes stranded on a distant planet after their spacecraft is damaged,5.2,2018.0,crew_becomes_stranded_distant_planet_spacecraft_damaged
702,burning secret 702,adventure,Friends follow an ancient map that leads them on an unexpected adventure,1.9,2022.0,friend_follow_ancient_map_lead_unexpected_adventure
1250,hidden city 1250,action,A police officer uncovers a conspiracy while chasing an international criminal,4.6,2017.0,police_officer_uncovers_conspiracy_chasing_international_criminal
1456,broken hero 1456,action,A former soldier returns to rescue civilians from a powerful enemy,3.7,2006.0,former_soldier_return_rescue_civilian_powerful_enemy
1256,frozen road 1256,drama,A talented student works hard to overcome personal and financial challenges,1.3,1983.0,talented_student_work_hard_overcome_personal_financial_challenge
168,last empire 168,romance,Childhood friends reunite years later and discover feelings for each other,4.0,2024.0,childhood_friend_reunite_year_later_discover_feeling
1101,burning warrior 1101,comedy,An unlucky employee creates chaos while trying to impress a new manager,3.8,1980.0,unlucky_employee_creates_chaos_trying_impress_new_manager
287,lost heart 287,crime,A criminal mastermind plans a risky robbery while detectives follow his movements,1.4,2004.0,criminal_mastermind_plan_risky_robbery_detective_follow_movement
1727,broken empire 1727,horror,A woman begins seeing frightening events after finding a mysterious object,4.4,2003.0,woman_begin_seeing_frightening_event_finding_mysterious_object
1968,unknown dream 1968,adventure,A group of explorers searches for a legendary treasure hidden in an ancient land,5.5,2023.0,group_explorer_search_legendary_treasure_hidden_ancient_land
599,wild storm 599,fantasy,A young warrior discovers magical powers and must protect an ancient kingdom,2.6,2000.0,young_warrior_discovers_magical_power_must_protect_ancient_kingdom
1059,crimson adventure 1059,fantasy,A mysterious portal transports a student into a world of magic and mythical creatures,6.0,2008.0,mysterious_portal_transport_student_world_magic_mythical_creature
1764,burning secret 1764,drama,A businessman reevaluates his life after experiencing a major personal loss,3.7,1994.0,businessman_reevaluates_life_experiencing_major_personal_loss
1279,unknown storm 1279,sci-fi,A mysterious signal from space leads researchers to an unknown alien civilization,8.2,2019.0,mysterious_signal_space_lead_researcher_unknown_alien_civilization
1709,burning road 1709,animation,Toys secretly come alive and begin an exciting adventure when humans leave,6.7,1985.0,toy_secretly_come_alive_begin_exciting_adventure_human_leave
1129,frozen world 1129,romance,A musician falls in love with an artist while both struggle with their careers,9.2,2019.0,musician_fall_love_artist_struggle_career
1330,dark world 1330,fantasy,   A mysterious portal transports a student into a world of magic and mythical creatures   ,5.5,2004.0,mysterious_portal_transport_student_world_magic_mythical_creature
953,crimson adventure 953,adventure,Friends follow an ancient map that leads them on an unexpected adventure,2.3,1982.0,friend_follow_ancient_map_lead_unexpected_adventure
42,wild journey 42,comedy,An unlucky employee creates chaos while trying to impress a new manager,4.4,2004.0,unlucky_employee_creates_chaos_trying_impress_new_manager
1321,burning shadow 1321,sci-fi,A mysterious signal from space leads researchers to an unknown alien civilization,8.4,2011.0,mysterious_signal_space_lead_researcher_unknown_alien_civilization
942,dark night 942,animation,An unlikely group of animated heroes works together to protect their city,1.4,2014.0,unlikely_group_animated_hero_work_together_protect_city
753,final hero 753,action,A warrior seeks revenge after his family is attacked by a ruthless gang,1.1,1984.0,warrior_seek_revenge_family_attacked_ruthless_gang
610,ancient kingdom 610,sci-fi,Humans use advanced technology to travel through time and change the future,4.7,1990.0,human_use_advanced_technology_travel_time_change_future
1133,last planet 1133,comedy,A family vacation turns into a collection of ridiculous and embarrassing situations,4.0,2023.0,family_vacation_turn_collection_ridiculous_embarrassing_situation
1539,wild storm 1539,animation,   A group of talking animals works together to save their home from danger   ,5.2,2012.0,group_talking_animal_work_together_save_home_danger
1890,hidden empire 1890,animation,A group of talking animals works together to save their home from danger,4.7,2011.0,group_talking_animal_work_together_save_home_danger
1685,secret journey 1685,crime,A detective investigates a complicated murder connected to organized crime,9.8,2012.0,detective_investigates_complicated_murder_connected_organized_crime
494,ancient empire 494,drama,   Two brothers confront their troubled past after returning to their hometown   ,7.4,2008.0,two_brother_confront_troubled_past_returning_hometown
1862,golden storm 1862,comedy,   A group of friends gets into hilarious trouble during a weekend trip   ,4.3,2003.0,group_friend_get_hilarious_trouble_weekend_trip
278,silent city 278,adventure,A group of explorers searches for a legendary treasure hidden in an ancient land,3.6,2010.0,group_explorer_search_legendary_treasure_hidden_ancient_land
1996,secret memory 1996,crime,A criminal mastermind plans a risky robbery while detectives follow his movements,8.7,2019.0,criminal_mastermind_plan_risky_robbery_detective_follow_movement
359,unknown dream 359,horror,Visitors to an isolated village discover a dark secret hidden by the residents,7.1,2004.0,visitor_isolated_village_discover_dark_secret_hidden_resident
1203,burning heart 1203,action,A former soldier returns to rescue civilians from a powerful enemy,5.4,2018.0,former_soldier_return_rescue_civilian_powerful_enemy
237,secret night 237,romance,Childhood friends reunite years later and discover feelings for each other,2.1,2011.0,childhood_friend_reunite_year_later_discover_feeling
1737,ancient road 1737,action,A warrior seeks revenge after his family is attacked by a ruthless gang,2.4,2012.0,warrior_seek_revenge_family_attacked_ruthless_gang
209,infinite secret 209,drama,   A teacher inspires struggling students while facing challenges in his own life   ,2.0,2012.0,teacher_inspires_struggling_student_facing_challenge_life
1500,electric kingdom 1500,fantasy,A group of heroes travels through a magical land to defeat an evil ruler,2.2,1982.0,group_hero_travel_magical_land_defeat_evil_ruler
721,brave empire 721,animation,An unlikely group of animated heroes works together to protect their city,8.0,1991.0,unlikely_group_animated_hero_work_together_protect_city
863,final night 863,crime,Police officers investigate a series of robberies committed by a mysterious gang,3.9,2012.0,police_officer_investigate_series_robbery_committed_mysterious_gang
59,ancient story 59,action,A skilled agent fights a dangerous criminal organization to protect the city,5.5440406976744185,1988.0,skilled_agent_fight_dangerous_criminal_organization_protect_city
632,unknown hero 632,action,A superhero battles villains who threaten to destroy the world,8.9,1996.0,superhero_battle_villain_threaten_destroy_world
1706,burning city 1706,sci-fi,A scientist builds an intelligent robot that begins to understand human emotions,2.3,2016.0,scientist_build_intelligent_robot_begin_understand_human_emotion
364,broken road 364,crime,A detective investigates a complicated murder connected to organized crime,1.9,2001.0,detective_investigates_complicated_murder_connected_organized_crime
1611,golden world 1611,romance,Two strangers meet unexpectedly and slowly fall in love despite their differences,8.8,2026.0,two_stranger_meet_unexpectedly_slowly_fall_love_despite_difference
734,crimson hero 734,action,A former soldier returns to rescue civilians from a powerful enemy,7.7,2015.0,former_soldier_return_rescue_civilian_powerful_enemy
1315,silent story 1315,drama,A talented student works hard to overcome personal and financial challenges,7.2,2000.0,talented_student_work_hard_overcome_personal_financial_challenge
1086,dark night 1086,fantasy,A prince must recover a powerful magical object before it falls into evil hands,1.2,2011.0,prince_must_recover_powerful_magical_object_fall_evil_hand
964,final planet 964,action,A warrior seeks revenge after his family is attacked by a ruthless gang,9.7,2015.0,warrior_seek_revenge_family_attacked_ruthless_gang
119,lonely world 119,horror,VISITORS TO AN ISOLATED VILLAGE DISCOVER A DARK SECRET HIDDEN BY THE RESIDENTS !!! @#$,9.5,1985.0,visitor_isolated_village_discover_dark_secret_hidden_resident
1710,ancient warrior 1710,horror,   A family moves into an old house and discovers a terrifying supernatural presence   ,6.7,1984.0,family_move_old_house_discovers_terrifying_supernatural_presence
707,broken mission 707,animation,A curious child befriends a magical creature and explores a hidden kingdom,5.0,2016.0,curious_child_befriends_magical_creature_explores_hidden_kingdom
1654,golden dream 1654,fantasy,A prince must recover a powerful magical object before it falls into evil hands,4.3,2000.0,prince_must_recover_powerful_magical_object_fall_evil_hand
746,infinite road 746,action,A former soldier returns to rescue civilians from a powerful enemy,7.0,2001.0,former_soldier_return_rescue_civilian_powerful_enemy
523,silent city 523,animation,A group of talking animals works together to save their home from danger,5.8,1980.0,group_talking_animal_work_together_save_home_danger
1402,infinite shadow 1402,horror,A journalist investigates strange disappearances connected to an abandoned building,6.7,1995.0,journalist_investigates_strange_disappearance_connected_abandoned_building
514,hidden adventure 514,sci-fi,A team of astronauts travels through deep space to discover a new planet for humanity,2.1,1990.0,team_astronaut_travel_deep_space_discover_new_planet_humanity
82,silent world 82,comedy,A group of friends gets into hilarious trouble during a weekend trip,3.2,2010.0,group_friend_get_hilarious_trouble_weekend_trip
1866,infinite kingdom 1866,animation,An unlikely group of animated heroes works together to protect their city,6.4,2014.0,unlikely_group_animated_hero_work_together_protect_city
1107,secret night 1107,romance,A musician falls in love with an artist while both struggle with their careers,6.9,1984.0,musician_fall_love_artist_struggle_career
381,electric memory 381,romance,Childhood friends reunite years later and discover feelings for each other,4.7,2015.0,childhood_friend_reunite_year_later_discover_feeling
1118,hidden storm 1118, drama ,A teacher inspires struggling students while facing challenges in his own life,9.4,2002.0,teacher_inspires_struggling_student_facing_challenge_life
85,hidden shadow 85,sci-fi,A SCIENTIST BUILDS AN INTELLIGENT ROBOT THAT BEGINS TO UNDERSTAND HUMAN EMOTIONS !!! @#$,2.6,2024.0,scientist_build_intelligent_robot_begin_understand_human_emotion
1809,lost storm 1809,action,A police officer uncovers a conspiracy while chasing an international criminal,12.4,1991.0,police_officer_uncovers_conspiracy_chasing_international_criminal
673,infinite night 673,comedy,An unlucky employee creates chaos while trying to impress a new manager,1.9,2012.0,unlucky_employee_creates_chaos_trying_impress_new_manager
775,final world 775,animation,Toys secretly come alive and begin an exciting adventure when humans leave 8145 ###,3.2,1994.0,toy_secretly_come_alive_begin_exciting_adventure_human_leave
330,burning hero 330,adventure,A group of explorers searches for a legendary treasure hidden in an ancient land,3.9,2009.0,group_explorer_search_legendary_treasure_hidden_ancient_land
7,secret journey 7,fantasy,An ancient prophecy sends unlikely heroes on a dangerous magical journey,5.8,2004.0,ancient_prophecy_sends_unlikely_hero_dangerous_magical_journey
1721,wild planet 1721,fantasy,A mysterious portal transports a student into a world of magic and mythical creatures,9.4,2021.0,mysterious_portal_transport_student_world_magic_mythical_creature
165,wild city 165,animation,A curious child befriends a magical creature and explores a hidden kingdom,9.7,1988.0,curious_child_befriends_magical_creature_explores_hidden_kingdom
1404,electric secret 1404,animation,Toys secretly come alive and begin an exciting adventure when humans leave,9.5,2008.0,toy_secretly_come_alive_begin_exciting_adventure_human_leave
452,midnight heart 452,fantasy,A young warrior discovers magical powers and must protect an ancient kingdom,3.6,2004.0,young_warrior_discovers_magical_power_must_protect_ancient_kingdom
491,lonely kingdom 491,romance,A musician falls in love with an artist while both struggle with their careers,3.6,1991.0,musician_fall_love_artist_struggle_career
1600,lost mission 1600,drama,Two brothers confront their troubled past after returning to their hometown,1.6,1992.0,two_brother_confront_troubled_past_returning_hometown
288,secret world 288,adventure,Explorers enter an unknown island filled with dangerous creatures and hidden secrets,8.1,2002.0,explorer_enter_unknown_island_filled_dangerous_creature_hidden_secret
1092,crimson city 1092,romance,A musician falls in love with an artist while both struggle with their careers,7.8,2006.0,musician_fall_love_artist_struggle_career
88,electric memory 88,adventure,Friends follow an ancient map that leads them on an unexpected adventure,4.8,2015.0,friend_follow_ancient_map_lead_unexpected_adventure
910,final mission 910,crime,An investigator uncovers corruption involving powerful people in the city,2.4,1998.0,investigator_uncovers_corruption_involving_powerful_people_city
1542,midnight mission 1542,drama,A businessman reevaluates his life after experiencing a major personal loss,8.6,2007.0,businessman_reevaluates_life_experiencing_major_personal_loss
1867,wild night 1867,animation,A curious child befriends a magical creature and explores a hidden kingdom,6.7,2024.0,curious_child_befriends_magical_creature_explores_hidden_kingdom
945,ancient night 945,comedy,A family vacation turns into a collection of ridiculous and embarrassing situations,2.3,2001.0,family_vacation_turn_collection_ridiculous_embarrassing_situation
1836,final adventure 1836,action,A SUPERHERO BATTLES VILLAINS WHO THREATEN TO DESTROY THE WORLD !!! @#$,9.9,1996.0,superhero_battle_villain_threaten_destroy_world
941,hidden road 941,animation,An unlikely group of animated heroes works together to protect their city,9.4,2020.0,unlikely_group_animated_hero_work_together_protect_city
1030,secret shadow 1030,sci-fi,A team of astronauts travels through deep space to discover a new planet for humanity,5.5,1995.0,team_astronaut_travel_deep_space_discover_new_planet_humanity
1108,secret shadow 1108,drama,A businessman reevaluates his life after experiencing a major personal loss,3.3,1984.0,businessman_reevaluates_life_experiencing_major_personal_loss
1178,burning secret 1178,drama,   A family struggles with relationships and difficult choices after an unexpected event   ,5.2,2014.0,family_struggle_relationship_difficult_choice_unexpected_event
1436,silent city 1436,fantasy,A prince must recover a powerful magical object before it falls into evil hands,6.7,2008.0,prince_must_recover_powerful_magical_object_fall_evil_hand
1779,hidden secret 1779,animation,A young hero enters a magical world and discovers an unexpected power,7.5,1980.0,young_hero_enters_magical_world_discovers_unexpected_power
328,ancient empire 328,drama,Two brothers confront their troubled past after returning to their hometown,2.8,2018.0,two_brother_confront_troubled_past_returning_hometown
1248,golden mission 1248,animation,A curious child befriends a magical creature and explores a hidden kingdom,9.5,2003.0,curious_child_befriends_magical_creature_explores_hidden_kingdom
443,midnight memory 443,action,A warrior seeks revenge after his family is attacked by a ruthless gang,9.6,2005.0,warrior_seek_revenge_family_attacked_ruthless_gang
1113,   hidden journey 1113   ,horror,A family moves into an old house and discovers a terrifying supernatural presence,1.6,2026.0,family_move_old_house_discovers_terrifying_supernatural_presence
1419,crimson road 1419, crime ,Police officers investigate a series of robberies committed by a mysterious gang,3.7,2022.0,police_officer_investigate_series_robbery_committed_mysterious_gang
1703,lonely story 1703,horror,Visitors to an isolated village discover a dark secret hidden by the residents,1.9,1983.0,visitor_isolated_village_discover_dark_secret_hidden_resident
349,broken journey 349,fantasy,A prince must recover a powerful magical object before it falls into evil hands,5.3,2013.0,prince_must_recover_powerful_magical_object_fall_evil_hand
1858,lost city 1858,adventure,A captain leads a crew across the ocean in search of a lost kingdom,9.4,2011.0,captain_lead_crew_across_ocean_search_lost_kingdom
178,lonely kingdom 178,horror,A family moves into an old house and discovers a terrifying supernatural presence,5.0,2002.0,family_move_old_house_discovers_terrifying_supernatural_presence
1302,lonely shadow 1302,adventure,A captain leads a crew across the ocean in search of a lost kingdom 3374 ###,7.1,1997.0,captain_lead_crew_across_ocean_search_lost_kingdom
833,hidden hero 833,crime,A DETECTIVE INVESTIGATES A COMPLICATED MURDER CONNECTED TO ORGANIZED CRIME !!! @#$,5.5,2001.0,detective_investigates_complicated_murder_connected_organized_crime
1524,crimson mission 1524,drama,A talented student works hard to overcome personal and financial challenges,5.6,2021.0,talented_student_work_hard_overcome_personal_financial_challenge
458,lost heart 458,horror,A journalist investigates strange disappearances connected to an abandoned building,8.6,2004.0,journalist_investigates_strange_disappearance_connected_abandoned_building
778,last story 778,fantasy,A group of heroes travels through a magical land to defeat an evil ruler,9.0,1992.0,group_hero_travel_magical_land_defeat_evil_ruler
1042,lonely warrior 1042,adventure,Explorers enter an unknown island filled with dangerous creatures and hidden secrets,2.3,2025.0,explorer_enter_unknown_island_filled_dangerous_creature_hidden_secret
1975,ancient storm 1975,comedy,A group of friends gets into hilarious trouble during a weekend trip,3.6,1982.0,group_friend_get_hilarious_trouble_weekend_trip
55,lost hero 55,crime,Police officers investigate a series of robberies committed by a mysterious gang,9.4,1986.0,police_officer_investigate_series_robbery_committed_mysterious_gang
1622,brave night 1622,animation,A curious child befriends a magical creature and explores a hidden kingdom,7.8,2026.0,curious_child_befriends_magical_creature_explores_hidden_kingdom
1026,midnight hero 1026,fantasy,   A prince must recover a powerful magical object before it falls into evil hands   ,1.2,2016.0,prince_must_recover_powerful_magical_object_fall_evil_hand
678,lost storm 678,comedy,A man pretends to be someone else and becomes trapped in a hilarious situation,2.5,2003.0,man_pretend_someone_else_becomes_trapped_hilarious_situation
114,secret memory 114,crime,   An investigator uncovers corruption involving powerful people in the city   ,8.0,2009.0,investigator_uncovers_corruption_involving_powerful_people_city
1085,unknown storm 1085,fantasy,A mysterious portal transports a student into a world of magic and mythical creatures 3770 ###,1.6,2010.0,mysterious_portal_transport_student_world_magic_mythical_creature
1829,final secret 1829,romance,Two people from different backgrounds begin a complicated romantic relationship 9573 ###,5.5440406976744185,2018.0,two_people_different_background_begin_complicated_romantic_relationship
1095,frozen night 1095,animation,A curious child befriends a magical creature and explores a hidden kingdom,7.7,2020.0,curious_child_befriends_magical_creature_explores_hidden_kingdom
175,final mission 175,romance,Two people from different backgrounds begin a complicated romantic relationship,8.8,2019.0,two_people_different_background_begin_complicated_romantic_relationship
1659,frozen adventure 1659,comedy,An unlucky employee creates chaos while trying to impress a new manager,6.4,1989.0,unlucky_employee_creates_chaos_trying_impress_new_manager
590,dark mission 590,drama,A family struggles with relationships and difficult choices after an unexpected event,5.5440406976744185,1994.0,family_struggle_relationship_difficult_choice_unexpected_event
1935,burning warrior 1935, crime ,Police officers investigate a series of robberies committed by a mysterious gang,7.4,2021.0,police_officer_investigate_series_robbery_committed_mysterious_gang
1681,last secret 1681,drama,A teacher inspires struggling students while facing challenges in his own life,5.9,2021.0,teacher_inspires_struggling_student_facing_challenge_life
19,silent kingdom 19,action,   A police officer uncovers a conspiracy while chasing an international criminal   ,6.4,2004.0,police_officer_uncovers_conspiracy_chasing_international_criminal
424,   burning journey 424   ,sci-fi,A team of astronauts travels through deep space to discover a new planet for humanity,9.5,2022.0,team_astronaut_travel_deep_space_discover_new_planet_humanity
286,infinite mission 286,crime,An investigator uncovers corruption involving powerful people in the city,5.9,2012.0,investigator_uncovers_corruption_involving_powerful_people_city
1755,lonely city 1755,comedy,A group of friends gets into hilarious trouble during a weekend trip,2.2,2006.0,group_friend_get_hilarious_trouble_weekend_trip
429,unknown world 429,crime,An investigator uncovers corruption involving powerful people in the city,8.3,2023.0,investigator_uncovers_corruption_involving_powerful_people_city
1630,final mission 1630,action,A superhero battles villains who threaten to destroy the world,1.8,1987.0,superhero_battle_villain_threaten_destroy_world
1612,frozen heart 1612,adventure,A captain leads a crew across the ocean in search of a lost kingdom 7292 ###,9.5,2003.0,captain_lead_crew_across_ocean_search_lost_kingdom
670,crimson shadow 670,romance,A musician falls in love with an artist while both struggle with their careers,12.0,2010.0,musician_fall_love_artist_struggle_career
32,broken world 32,fantasy,A young warrior discovers magical powers and must protect an ancient kingdom,7.4,1983.0,young_warrior_discovers_magical_power_must_protect_ancient_kingdom
1584,final world 1584,adventure,A captain leads a crew across the ocean in search of a lost kingdom,6.9,1980.0,captain_lead_crew_across_ocean_search_lost_kingdom
723,midnight secret 723,fantasy,An ancient prophecy sends unlikely heroes on a dangerous magical journey,4.8,2018.0,ancient_prophecy_sends_unlikely_hero_dangerous_magical_journey
1234,golden dream 1234,sci-fi,A team of astronauts travels through deep space to discover a new planet for humanity,8.1,2012.0,team_astronaut_travel_deep_space_discover_new_planet_humanity
215,ancient dream 215, fantasy ,A young warrior discovers magical powers and must protect an ancient kingdom,8.7,2021.0,young_warrior_discovers_magical_power_must_protect_ancient_kingdom
1673,silent heart 1673,animation,A young hero enters a magical world and discovers an unexpected power,1.3,1995.0,young_hero_enters_magical_world_discovers_unexpected_power
1346,wild signal 1346,action,A warrior seeks revenge after his family is attacked by a ruthless gang,9.4,1986.0,warrior_seek_revenge_family_attacked_ruthless_gang
933,unknown road 933,sci-fi,A scientist builds an intelligent robot that begins to understand human emotions,8.7,1981.0,scientist_build_intelligent_robot_begin_understand_human_emotion
327,unknown adventure 327,animation,A group of talking animals works together to save their home from danger,7.2,1990.0,group_talking_animal_work_together_save_home_danger
561,infinite adventure 561,animation,A GROUP OF TALKING ANIMALS WORKS TOGETHER TO SAVE THEIR HOME FROM DANGER !!! @#$,6.2,2012.0,group_talking_animal_work_together_save_home_danger
1205,infinite heart 1205,animation,Toys secretly come alive and begin an exciting adventure when humans leave,1.1,2002.0,toy_secretly_come_alive_begin_exciting_adventure_human_leave
701,brave storm 701,crime,A young man becomes involved with a criminal organization and struggles to escape,9.8,2022.0,young_man_becomes_involved_criminal_organization_struggle_escape
1860,silent adventure 1860,drama,A teacher inspires struggling students while facing challenges in his own life 4074 ###,1.9,1993.0,teacher_inspires_struggling_student_facing_challenge_life
1284,final world 1284,crime,An investigator uncovers corruption involving powerful people in the city,8.8,2016.0,investigator_uncovers_corruption_involving_powerful_people_city
342,burning heart 342,fantasy,   A prince must recover a powerful magical object before it falls into evil hands   ,1.4,1982.0,prince_must_recover_powerful_magical_object_fall_evil_hand
630,burning shadow 630,fantasy,A young warrior discovers magical powers and must protect an ancient kingdom,4.7,1989.0,young_warrior_discovers_magical_power_must_protect_ancient_kingdom
1520,lonely heart 1520,comedy,   Two roommates experience a series of funny misunderstandings and unexpected events   ,3.9,2007.0,two_roommate_experience_series_funny_misunderstanding_unexpected_event
361,infinite adventure 361,action,   A superhero battles villains who threaten to destroy the world   ,7.7,1993.0,superhero_battle_villain_threaten_destroy_world
84,wild empire 84,comedy,A family vacation turns into a collection of ridiculous and embarrassing situations,3.2,2021.0,family_vacation_turn_collection_ridiculous_embarrassing_situation
1507,crimson warrior 1507,drama,A teacher inspires struggling students while facing challenges in his own life,6.1,2001.0,teacher_inspires_struggling_student_facing_challenge_life
49,last shadow 49,fantasy,A prince must recover a powerful magical object before it falls into evil hands,6.1,2000.0,prince_must_recover_powerful_magical_object_fall_evil_hand
469,last dream 469,fantasy,A group of heroes travels through a magical land to defeat an evil ruler,10.9,2002.0,group_hero_travel_magical_land_defeat_evil_ruler
156,broken dream 156,action,A police officer uncovers a conspiracy while chasing an international criminal,9.5,2021.0,police_officer_uncovers_conspiracy_chasing_international_criminal
1106,wild storm 1106,romance,A young couple struggles to keep their relationship alive while pursuing their dreams,9.1,2024.0,young_couple_struggle_keep_relationship_alive_pursuing_dream
1585,golden adventure 1585,animation,A young hero enters a magical world and discovers an unexpected power,1.6,1997.0,young_hero_enters_magical_world_discovers_unexpected_power
1579,golden mission 1579,comedy,A group of friends gets into hilarious trouble during a weekend trip,4.8,1980.0,group_friend_get_hilarious_trouble_weekend_trip
1488,secret road 1488,adventure,A group of explorers searches for a legendary treasure hidden in an ancient land 1891 ###,5.3,2001.0,group_explorer_search_legendary_treasure_hidden_ancient_land
1754,lonely memory 1754,action,A superhero battles villains who threaten to destroy the world,3.7,2010.0,superhero_battle_villain_threaten_destroy_world
856,silent city 856,comedy,A family vacation turns into a collection of ridiculous and embarrassing situations,8.3,1991.0,family_vacation_turn_collection_ridiculous_embarrassing_situation
501,hidden road 501,drama,A talented student works hard to overcome personal and financial challenges,8.3,2017.0,talented_student_work_hard_overcome_personal_financial_challenge
1905,electric kingdom 1905,action,A skilled agent fights a dangerous criminal organization to protect the city,9.6,1996.0,skilled_agent_fight_dangerous_criminal_organization_protect_city
180,wild empire 180,comedy,A group of friends gets into hilarious trouble during a weekend trip,3.1,2016.0,group_friend_get_hilarious_trouble_weekend_trip
1768,hidden world 1768,crime,POLICE OFFICERS INVESTIGATE A SERIES OF ROBBERIES COMMITTED BY A MYSTERIOUS GANG !!! @#$,6.7,2003.0,police_officer_investigate_series_robbery_committed_mysterious_gang
1895,golden memory 1895,action,A skilled agent fights a dangerous criminal organization to protect the city,5.8,2013.0,skilled_agent_fight_dangerous_criminal_organization_protect_city
926,infinite adventure 926,fantasy,An ancient prophecy sends unlikely heroes on a dangerous magical journey,8.9,1990.0,ancient_prophecy_sends_unlikely_hero_dangerous_magical_journey
179,unknown shadow 179,fantasy,A mysterious portal transports a student into a world of magic and mythical creatures,5.1,1999.0,mysterious_portal_transport_student_world_magic_mythical_creature
1356,golden empire 1356,crime,A criminal mastermind plans a risky robbery while detectives follow his movements,9.0,2010.0,criminal_mastermind_plan_risky_robbery_detective_follow_movement
1395,crimson dream 1395,crime,A detective investigates a complicated murder connected to organized crime 8489 ###,9.3,2008.0,detective_investigates_complicated_murder_connected_organized_crime
1743,ancient secret 1743,animation,Toys secretly come alive and begin an exciting adventure when humans leave,7.3,1994.0,toy_secretly_come_alive_begin_exciting_adventure_human_leave
347,midnight dream 347,adventure,A captain leads a crew across the ocean in search of a lost kingdom,6.3,2026.0,captain_lead_crew_across_ocean_search_lost_kingdom
1861,lonely kingdom 1861,animation,An unlikely group of animated heroes works together to protect their city,4.4,2002.0,unlikely_group_animated_hero_work_together_protect_city
1327,midnight heart 1327,romance,A young couple struggles to keep their relationship alive while pursuing their dreams,7.4,2025.0,young_couple_struggle_keep_relationship_alive_pursuing_dream
386,hidden planet 386,drama,A teacher inspires struggling students while facing challenges in his own life,5.4,2012.0,teacher_inspires_struggling_student_facing_challenge_life
1006,brave memory 1006,sci-fi,A crew becomes stranded on a distant planet after their spacecraft is damaged,4.0,1985.0,crew_becomes_stranded_distant_planet_spacecraft_damaged
1103,infinite road 1103,drama,A businessman reevaluates his life after experiencing a major personal loss,3.3,1982.0,businessman_reevaluates_life_experiencing_major_personal_loss
602,midnight adventure 602, action ,A skilled agent fights a dangerous criminal organization to protect the city,3.4,1995.0,skilled_agent_fight_dangerous_criminal_organization_protect_city
1138,wild kingdom 1138,fantasy,A young warrior discovers magical powers and must protect an ancient kingdom,8.9,1985.0,young_warrior_discovers_magical_power_must_protect_ancient_kingdom
244,burning mission 244,animation,A curious child befriends a magical creature and explores a hidden kingdom,3.9,2001.0,curious_child_befriends_magical_creature_explores_hidden_kingdom
1647,lonely road 1647,drama,A talented student works hard to overcome personal and financial challenges,1.6,2022.0,talented_student_work_hard_overcome_personal_financial_challenge
803,crimson secret 803,romance,Childhood friends reunite years later and discover feelings for each other,2.5,3025.0,childhood_friend_reunite_year_later_discover_feeling
1948,broken memory 1948,horror,A woman begins seeing frightening events after finding a mysterious object,4.5,1986.0,woman_begin_seeing_frightening_event_finding_mysterious_object
1594,infinite empire 1594,romance,Childhood friends reunite years later and discover feelings for each other,2.8,2004.0,childhood_friend_reunite_year_later_discover_feeling
313,broken empire 313,romance,Two strangers meet unexpectedly and slowly fall in love despite their differences,4.2,2016.0,two_stranger_meet_unexpectedly_slowly_fall_love_despite_difference
436,dark road 436,crime,A young man becomes involved with a criminal organization and struggles to escape,9.1,2024.0,young_man_becomes_involved_criminal_organization_struggle_escape
137,final hero 137,comedy,A group of friends gets into hilarious trouble during a weekend trip,2.4,2006.0,group_friend_get_hilarious_trouble_weekend_trip
309,frozen planet 309,horror,A family moves into an old house and discovers a terrifying supernatural presence,2.2,1984.0,family_move_old_house_discovers_terrifying_supernatural_presence
431,crimson secret 431,comedy,Two roommates experience a series of funny misunderstandings and unexpected events,8.3,1997.0,two_roommate_experience_series_funny_misunderstanding_unexpected_event
661,final warrior 661,crime,A detective investigates a complicated murder connected to organized crime,3.0,1994.0,detective_investigates_complicated_murder_connected_organized_crime
1308,dark story 1308,animation,A group of talking animals works together to save their home from danger,8.4,2011.0,group_talking_animal_work_together_save_home_danger
371,   burning empire 371   ,crime,A young man becomes involved with a criminal organization and struggles to escape,8.7,2009.0,young_man_becomes_involved_criminal_organization_struggle_escape
567,unknown adventure 567,drama,A businessman reevaluates his life after experiencing a major personal loss,8.7,1985.0,businessman_reevaluates_life_experiencing_major_personal_loss
1174,lonely planet 1174,action,A former soldier returns to rescue civilians from a powerful enemy,9.8,1995.0,former_soldier_return_rescue_civilian_powerful_enemy
1384,electric shadow 1384,adventure,A group of explorers searches for a legendary treasure hidden in an ancient land,2.5,2026.0,group_explorer_search_legendary_treasure_hidden_ancient_land
825,electric world 825,drama,A talented student works hard to overcome personal and financial challenges,8.7,2013.0,talented_student_work_hard_overcome_personal_financial_challenge
182,secret world 182,animation,An unlikely group of animated heroes works together to protect their city,8.8,1983.0,unlikely_group_animated_hero_work_together_protect_city
1379,ancient empire 1379,animation,An unlikely group of animated heroes works together to protect their city,6.4,2015.0,unlikely_group_animated_hero_work_together_protect_city
622,ancient hero 622,crime,A criminal mastermind plans a risky robbery while detectives follow his movements,6.2,1995.0,criminal_mastermind_plan_risky_robbery_detective_follow_movement
967,broken secret 967,horror,A journalist investigates strange disappearances connected to an abandoned building,8.3,2020.0,journalist_investigates_strange_disappearance_connected_abandoned_building
1287,silent road 1287,drama,A talented student works hard to overcome personal and financial challenges,7.7,1999.0,talented_student_work_hard_overcome_personal_financial_challenge
1544,silent storm 1544,adventure,A young traveler begins a dangerous journey across mountains and forests,3.8,1980.0,young_traveler_begin_dangerous_journey_across_mountain_forest
1538,secret world 1538,crime,Police officers investigate a series of robberies committed by a mysterious gang,3.5,2002.0,police_officer_investigate_series_robbery_committed_mysterious_gang
1989,midnight journey 1989,drama,A FAMILY STRUGGLES WITH RELATIONSHIPS AND DIFFICULT CHOICES AFTER AN UNEXPECTED EVENT !!! @#$,7.7,2023.0,family_struggle_relationship_difficult_choice_unexpected_event
779,last mission 779,horror,   A family moves into an old house and discovers a terrifying supernatural presence   ,8.6,2020.0,family_move_old_house_discovers_terrifying_supernatural_presence
297,last shadow 297,animation,An unlikely group of animated heroes works together to protect their city,10.0,1991.0,unlikely_group_animated_hero_work_together_protect_city
462,frozen storm 462,horror,A group of friends becomes trapped in a forest where something mysterious follows them,3.9,1997.0,group_friend_becomes_trapped_forest_something_mysterious_follows
1271,infinite journey 1271,animation,A young hero enters a magical world and discovers an unexpected power 6113 ###,3.2,2021.0,young_hero_enters_magical_world_discovers_unexpected_power
905,frozen road 905,romance,Childhood friends reunite years later and discover feelings for each other,9.8,2021.0,childhood_friend_reunite_year_later_discover_feeling
378,broken journey 378,adventure,A group of explorers searches for a legendary treasure hidden in an ancient land,5.2,1990.0,group_explorer_search_legendary_treasure_hidden_ancient_land
1944,ancient planet 1944,animation,Toys secretly come alive and begin an exciting adventure when humans leave,2.7,1991.0,toy_secretly_come_alive_begin_exciting_adventure_human_leave
106,   brave planet 106   ,action,A police officer uncovers a conspiracy while chasing an international criminal,7.3,2003.0,police_officer_uncovers_conspiracy_chasing_international_criminal
127,broken signal 127,horror,A group of friends becomes trapped in a forest where something mysterious follows them,3.7,2025.0,group_friend_becomes_trapped_forest_something_mysterious_follows
840,lonely kingdom 840,action,A police officer uncovers a conspiracy while chasing an international criminal,3.8,1993.0,police_officer_uncovers_conspiracy_chasing_international_criminal
1986,wild city 1986,sci-fi,A mysterious signal from space leads researchers to an unknown alien civilization,7.0,2009.0,mysterious_signal_space_lead_researcher_unknown_alien_civilization
1224,hidden hero 1224,adventure,FRIENDS FOLLOW AN ANCIENT MAP THAT LEADS THEM ON AN UNEXPECTED ADVENTURE !!! @#$,4.2,1989.0,friend_follow_ancient_map_lead_unexpected_adventure
991,dark secret 991,fantasy,A group of heroes travels through a magical land to defeat an evil ruler,5.2,2021.0,group_hero_travel_magical_land_defeat_evil_ruler
356,crimson empire 356,horror,A group of friends becomes trapped in a forest where something mysterious follows them,9.6,1997.0,group_friend_becomes_trapped_forest_something_mysterious_follows
683,crimson memory 683,horror,A group of friends becomes trapped in a forest where something mysterious follows them,4.8,1986.0,group_friend_becomes_trapped_forest_something_mysterious_follows
1980,lonely kingdom 1980,drama,Two brothers confront their troubled past after returning to their hometown,8.0,2007.0,two_brother_confront_troubled_past_returning_hometown
1667,wild dream 1667,crime,A young man becomes involved with a criminal organization and struggles to escape,3.9,2017.0,young_man_becomes_involved_criminal_organization_struggle_escape
210,crimson journey 210,comedy,A man pretends to be someone else and becomes trapped in a hilarious situation,3.7,2021.0,man_pretend_someone_else_becomes_trapped_hilarious_situation
1559,last heart 1559,drama,A teacher inspires struggling students while facing challenges in his own life,8.3,2013.0,teacher_inspires_struggling_student_facing_challenge_life
1894,crimson hero 1894,fantasy,A young warrior discovers magical powers and must protect an ancient kingdom,2.4,1996.0,young_warrior_discovers_magical_power_must_protect_ancient_kingdom
1772,wild story 1772,action,A warrior seeks revenge after his family is attacked by a ruthless gang,6.0,2008.0,warrior_seek_revenge_family_attacked_ruthless_gang
1806,silent heart 1806, action ,A skilled agent fights a dangerous criminal organization to protect the city,7.3,2007.0,skilled_agent_fight_dangerous_criminal_organization_protect_city
1188,secret road 1188,romance,A musician falls in love with an artist while both struggle with their careers,4.3,1998.0,musician_fall_love_artist_struggle_career
1626,ancient kingdom 1626,horror,A group of friends becomes trapped in a forest where something mysterious follows them,4.4,2025.0,group_friend_becomes_trapped_forest_something_mysterious_follows
1546,lonely night 1546,animation,Toys secretly come alive and begin an exciting adventure when humans leave,6.3,2016.0,toy_secretly_come_alive_begin_exciting_adventure_human_leave
712,electric warrior 712,comedy,A man pretends to be someone else and becomes trapped in a hilarious situation,7.9,2018.0,man_pretend_someone_else_becomes_trapped_hilarious_situation
1023,golden warrior 1023,romance,Childhood friends reunite years later and discover feelings for each other 8774 ###,9.3,2010.0,childhood_friend_reunite_year_later_discover_feeling
1904,ancient planet 1904,animation,AN UNLIKELY GROUP OF ANIMATED HEROES WORKS TOGETHER TO PROTECT THEIR CITY !!! @#$,4.2,2020.0,unlikely_group_animated_hero_work_together_protect_city
1304,dark road 1304,sci-fi,A crew becomes stranded on a distant planet after their spacecraft is damaged,6.0,1999.0,crew_becomes_stranded_distant_planet_spacecraft_damaged
11,final signal 11,adventure,Explorers enter an unknown island filled with dangerous creatures and hidden secrets,2.9,1997.0,explorer_enter_unknown_island_filled_dangerous_creature_hidden_secret
1828,last road 1828,action,A former soldier returns to rescue civilians from a powerful enemy,8.3,2021.0,former_soldier_return_rescue_civilian_powerful_enemy
1217,infinite storm 1217,fantasy,An ancient prophecy sends unlikely heroes on a dangerous magical journey,6.1,1996.0,ancient_prophecy_sends_unlikely_hero_dangerous_magical_journey
283,crimson hero 283,drama,A family struggles with relationships and difficult choices after an unexpected event,6.7,2016.0,family_struggle_relationship_difficult_choice_unexpected_event
811,frozen road 811,horror,A family moves into an old house and discovers a terrifying supernatural presence,3.5,2014.0,family_move_old_house_discovers_terrifying_supernatural_presence
292,golden journey 292,sci-fi,A crew becomes stranded on a distant planet after their spacecraft is damaged,9.4,3025.0,crew_becomes_stranded_distant_planet_spacecraft_damaged
932,crimson world 932,horror,Visitors to an isolated village discover a dark secret hidden by the residents,2.2,1999.0,visitor_isolated_village_discover_dark_secret_hidden_resident
755,last city 755,animation,A group of talking animals works together to save their home from danger,5.1,2001.0,group_talking_animal_work_together_save_home_danger
627,golden city 627,animation,   An unlikely group of animated heroes works together to protect their city   ,3.3,2026.0,unlikely_group_animated_hero_work_together_protect_city
1209,frozen secret 1209,horror,A journalist investigates strange disappearances connected to an abandoned building 7156 ###,1.6,2017.0,journalist_investigates_strange_disappearance_connected_abandoned_building
1019,crimson shadow 1019,comedy,A family vacation turns into a collection of ridiculous and embarrassing situations,1.4,2002.0,family_vacation_turn_collection_ridiculous_embarrassing_situation
130,frozen empire 130,horror,A woman begins seeing frightening events after finding a mysterious object,4.1,1983.0,woman_begin_seeing_frightening_event_finding_mysterious_object
1270,wild dream 1270,adventure,A captain leads a crew across the ocean in search of a lost kingdom,4.1,2002.0,captain_lead_crew_across_ocean_search_lost_kingdom
844,crimson world 844,drama,A teacher inspires struggling students while facing challenges in his own life,9.6,2010.0,teacher_inspires_struggling_student_facing_challenge_life
324,lost mission 324,sci-fi,A team of astronauts travels through deep space to discover a new planet for humanity,9.5,2016.0,team_astronaut_travel_deep_space_discover_new_planet_humanity
1982,electric signal 1982,adventure,A captain leads a crew across the ocean in search of a lost kingdom,5.2,2006.0,captain_lead_crew_across_ocean_search_lost_kingdom
1991,broken city 1991,romance,Childhood friends reunite years later and discover feelings for each other,6.7,2026.0,childhood_friend_reunite_year_later_discover_feeling
1024,silent empire 1024,sci-fi,A scientist builds an intelligent robot that begins to understand human emotions,6.6,2014.0,scientist_build_intelligent_robot_begin_understand_human_emotion
1493,dark hero 1493,action,A skilled agent fights a dangerous criminal organization to protect the city,3.7,2004.0,skilled_agent_fight_dangerous_criminal_organization_protect_city
216,golden shadow 216,crime,A criminal mastermind plans a risky robbery while detectives follow his movements,9.0,2006.0,criminal_mastermind_plan_risky_robbery_detective_follow_movement
1121,golden kingdom 1121,horror,   Visitors to an isolated village discover a dark secret hidden by the residents   ,5.5440406976744185,2004.0,visitor_isolated_village_discover_dark_secret_hidden_resident
1951,burning memory 1951,romance,A musician falls in love with an artist while both struggle with their careers,7.7,2024.0,musician_fall_love_artist_struggle_career
159,   crimson secret 159   ,comedy,An unlucky employee creates chaos while trying to impress a new manager,8.8,1997.0,unlucky_employee_creates_chaos_trying_impress_new_manager
1319,dark heart 1319,romance,Two people from different backgrounds begin a complicated romantic relationship,4.9,1996.0,two_people_different_background_begin_complicated_romantic_relationship
1981,silent secret 1981,action,A police officer uncovers a conspiracy while chasing an international criminal,7.2,2012.0,police_officer_uncovers_conspiracy_chasing_international_criminal
865,final warrior 865,romance,A musician falls in love with an artist while both struggle with their careers,6.7,2016.0,musician_fall_love_artist_struggle_career
842,broken story 842,comedy,An unlucky employee creates chaos while trying to impress a new manager,3.1,1995.0,unlucky_employee_creates_chaos_trying_impress_new_manager
635,dark heart 635,animation,Toys secretly come alive and begin an exciting adventure when humans leave,7.2,1983.0,toy_secretly_come_alive_begin_exciting_adventure_human_leave
1545,infinite warrior 1545,drama,A talented student works hard to overcome personal and financial challenges,4.8,2023.0,talented_student_work_hard_overcome_personal_financial_challenge
1641,lost signal 1641,adventure,A group of explorers searches for a legendary treasure hidden in an ancient land,9.7,2000.0,group_explorer_search_legendary_treasure_hidden_ancient_land
196,broken hero 196,action,A former soldier returns to rescue civilians from a powerful enemy,4.5,2003.0,former_soldier_return_rescue_civilian_powerful_enemy
1770,midnight journey 1770,horror,A family moves into an old house and discovers a terrifying supernatural presence,5.5440406976744185,1994.0,family_move_old_house_discovers_terrifying_supernatural_presence
951,hidden shadow 951,action,A police officer uncovers a conspiracy while chasing an international criminal,4.3,1992.0,police_officer_uncovers_conspiracy_chasing_international_criminal
411,dark story 411,comedy,A family vacation turns into a collection of ridiculous and embarrassing situations,7.1,2018.0,family_vacation_turn_collection_ridiculous_embarrassing_situation
1684,silent storm 1684,sci-fi,A scientist builds an intelligent robot that begins to understand human emotions,6.9,1985.0,scientist_build_intelligent_robot_begin_understand_human_emotion
97,broken empire 97,fantasy,A group of heroes travels through a magical land to defeat an evil ruler,3.5,2011.0,group_hero_travel_magical_land_defeat_evil_ruler
441,midnight heart 441,crime,A young man becomes involved with a criminal organization and struggles to escape,8.1,2024.0,young_man_becomes_involved_criminal_organization_struggle_escape
550,broken warrior 550,animation,A young hero enters a magical world and discovers an unexpected power,4.7,2026.0,young_hero_enters_magical_world_discovers_unexpected_power
157,frozen night 157,romance,Two people from different backgrounds begin a complicated romantic relationship,7.3,2006.0,two_people_different_background_begin_complicated_romantic_relationship
420,ancient night 420,fantasy,A group of heroes travels through a magical land to defeat an evil ruler,2.8,1994.0,group_hero_travel_magical_land_defeat_evil_ruler
478,lost warrior 478,action,A skilled agent fights a dangerous criminal organization to protect the city,7.1,1990.0,skilled_agent_fight_dangerous_criminal_organization_protect_city
554,lost signal 554,drama,A talented student works hard to overcome personal and financial challenges,3.6,1999.0,talented_student_work_hard_overcome_personal_financial_challenge
579,frozen shadow 579,horror,Visitors to an isolated village discover a dark secret hidden by the residents,5.3,1985.0,visitor_isolated_village_discover_dark_secret_hidden_resident
1841,crimson journey 1841,sci-fi,A scientist builds an intelligent robot that begins to understand human emotions,7.3,2015.0,scientist_build_intelligent_robot_begin_understand_human_emotion
821,final heart 821,sci-fi,A team of astronauts travels through deep space to discover a new planet for humanity,8.2,1989.0,team_astronaut_travel_deep_space_discover_new_planet_humanity
1971,electric journey 1971,sci-fi,A scientist builds an intelligent robot that begins to understand human emotions,3.5,2020.0,scientist_build_intelligent_robot_begin_understand_human_emotion
1007,   hidden shadow 1007   ,sci-fi,   A scientist builds an intelligent robot that begins to understand human emotions   ,2.5,1998.0,scientist_build_intelligent_robot_begin_understand_human_emotion
1877,lonely heart 1877,comedy,An unlucky employee creates chaos while trying to impress a new manager,6.5,2005.0,unlucky_employee_creates_chaos_trying_impress_new_manager
665,wild secret 665,action,   A superhero battles villains who threaten to destroy the world   ,4.7,1989.0,superhero_battle_villain_threaten_destroy_world
1623,hidden storm 1623,action,A superhero battles villains who threaten to destroy the world,8.3,1997.0,superhero_battle_villain_threaten_destroy_world
143,wild story 143,horror,Visitors to an isolated village discover a dark secret hidden by the residents,5.9,2008.0,visitor_isolated_village_discover_dark_secret_hidden_resident
1876,burning memory 1876,adventure,Explorers enter an unknown island filled with dangerous creatures and hidden secrets,15.0,2016.0,explorer_enter_unknown_island_filled_dangerous_creature_hidden_secret
422,secret empire 422,adventure,A captain leads a crew across the ocean in search of a lost kingdom,5.1,2026.0,captain_lead_crew_across_ocean_search_lost_kingdom
800,crimson storm 800,animation,A group of talking animals works together to save their home from danger,8.9,2026.0,group_talking_animal_work_together_save_home_danger
616,last empire 616,horror,A family moves into an old house and discovers a terrifying supernatural presence,3.8,2005.0,family_move_old_house_discovers_terrifying_supernatural_presence
402,brave warrior 402,comedy,A man pretends to be someone else and becomes trapped in a hilarious situation,14.1,2023.0,man_pretend_someone_else_becomes_trapped_hilarious_situation
89,final empire 89,drama,Two brothers confront their troubled past after returning to their hometown,3.3,1995.0,two_brother_confront_troubled_past_returning_hometown
1513,unknown adventure 1513,romance,A YOUNG COUPLE STRUGGLES TO KEEP THEIR RELATIONSHIP ALIVE WHILE PURSUING THEIR DREAMS !!! @#$,6.7,2003.0,young_couple_struggle_keep_relationship_alive_pursuing_dream
132,dark city 132,fantasy,A group of heroes travels through a magical land to defeat an evil ruler,8.3,1999.0,group_hero_travel_magical_land_defeat_evil_ruler
1299,broken shadow 1299,animation,A young hero enters a magical world and discovers an unexpected power,2.3,1991.0,young_hero_enters_magical_world_discovers_unexpected_power
1746,broken warrior 1746,animation,A group of talking animals works together to save their home from danger,2.6,1980.0,group_talking_animal_work_together_save_home_danger
1452,golden road 1452,sci-fi,Humans use advanced technology to travel through time and change the future,6.3,2011.0,human_use_advanced_technology_travel_time_change_future
1618,secret road 1618,romance,Two people from different backgrounds begin a complicated romantic relationship,6.2,2022.0,two_people_different_background_begin_complicated_romantic_relationship
1236,unknown world 1236,action,A skilled agent fights a dangerous criminal organization to protect the city,8.0,2018.0,skilled_agent_fight_dangerous_criminal_organization_protect_city
1576,lonely planet 1576,sci-fi,A mysterious signal from space leads researchers to an unknown alien civilization,7.3,2020.0,mysterious_signal_space_lead_researcher_unknown_alien_civilization
918,frozen secret 918,animation,AN UNLIKELY GROUP OF ANIMATED HEROES WORKS TOGETHER TO PROTECT THEIR CITY !!! @#$,7.3,1996.0,unlikely_group_animated_hero_work_together_protect_city
1424,infinite secret 1424,action,A police officer uncovers a conspiracy while chasing an international criminal,6.3,2013.0,police_officer_uncovers_conspiracy_chasing_international_criminal
334,electric empire 334,crime,Police officers investigate a series of robberies committed by a mysterious gang,5.5,1985.0,police_officer_investigate_series_robbery_committed_mysterious_gang
1901,wild dream 1901,horror,Visitors to an isolated village discover a dark secret hidden by the residents,8.1,2017.0,visitor_isolated_village_discover_dark_secret_hidden_resident
911,lonely signal 911,horror,A woman begins seeing frightening events after finding a mysterious object,1.0,2020.0,woman_begin_seeing_frightening_event_finding_mysterious_object
1745,unknown dream 1745,sci-fi,A crew becomes stranded on a distant planet after their spacecraft is damaged,4.3,2002.0,crew_becomes_stranded_distant_planet_spacecraft_damaged
1650,silent hero 1650,action,A police officer uncovers a conspiracy while chasing an international criminal,1.8,2024.0,police_officer_uncovers_conspiracy_chasing_international_criminal
13,wild story 13,drama,A teacher inspires struggling students while facing challenges in his own life,3.0,2000.0,teacher_inspires_struggling_student_facing_challenge_life
898,lonely secret 898,sci-fi,A team of astronauts travels through deep space to discover a new planet for humanity,3.3,2020.0,team_astronaut_travel_deep_space_discover_new_planet_humanity
172,electric kingdom 172, action ,A superhero battles villains who threaten to destroy the world,9.1,1982.0,superhero_battle_villain_threaten_destroy_world
1675,electric heart 1675,action,A superhero battles villains who threaten to destroy the world,11.9,2008.0,superhero_battle_villain_threaten_destroy_world
1525,infinite empire 1525,crime,An investigator uncovers corruption involving powerful people in the city,1.5,2000.0,investigator_uncovers_corruption_involving_powerful_people_city
902,frozen memory 902,fantasy,A group of heroes travels through a magical land to defeat an evil ruler,4.3,1985.0,group_hero_travel_magical_land_defeat_evil_ruler
845,crimson warrior 845,adventure,A captain leads a crew across the ocean in search of a lost kingdom,9.1,2016.0,captain_lead_crew_across_ocean_search_lost_kingdom
139,electric mission 139,horror,A group of friends becomes trapped in a forest where something mysterious follows them,9.3,2020.0,group_friend_becomes_trapped_forest_something_mysterious_follows
320,infinite secret 320,comedy,Two roommates experience a series of funny misunderstandings and unexpected events,8.6,1996.0,two_roommate_experience_series_funny_misunderstanding_unexpected_event
1336,secret secret 1336,fantasy,A mysterious portal transports a student into a world of magic and mythical creatures,4.9,1990.0,mysterious_portal_transport_student_world_magic_mythical_creature
1272,   last mission 1272   ,fantasy,A mysterious portal transports a student into a world of magic and mythical creatures,2.0,1990.0,mysterious_portal_transport_student_world_magic_mythical_creature
559,golden secret 559, action ,A former soldier returns to rescue civilians from a powerful enemy,4.8,1983.0,former_soldier_return_rescue_civilian_powerful_enemy
140,golden shadow 140,fantasy,A young warrior discovers magical powers and must protect an ancient kingdom,5.9,2021.0,young_warrior_discovers_magical_power_must_protect_ancient_kingdom
1871,ancient planet 1871,horror,A group of friends becomes trapped in a forest where something mysterious follows them,8.0,2015.0,group_friend_becomes_trapped_forest_something_mysterious_follows
532,midnight city 532,adventure,   A captain leads a crew across the ocean in search of a lost kingdom   ,8.7,2016.0,captain_lead_crew_across_ocean_search_lost_kingdom
225,ancient hero 225,comedy,A man pretends to be someone else and becomes trapped in a hilarious situation,6.5,2021.0,man_pretend_someone_else_becomes_trapped_hilarious_situation
724,secret heart 724,comedy,Two roommates experience a series of funny misunderstandings and unexpected events,9.7,2008.0,two_roommate_experience_series_funny_misunderstanding_unexpected_event
1852,wild mission 1852,horror,A journalist investigates strange disappearances connected to an abandoned building,8.9,2008.0,journalist_investigates_strange_disappearance_connected_abandoned_building
326,lonely night 326,drama,A businessman reevaluates his life after experiencing a major personal loss,5.3,2023.0,businessman_reevaluates_life_experiencing_major_personal_loss
1365,last secret 1365,fantasy,A young warrior discovers magical powers and must protect an ancient kingdom,2.0,2022.0,young_warrior_discovers_magical_power_must_protect_ancient_kingdom
1171,midnight journey 1171,fantasy,A prince must recover a powerful magical object before it falls into evil hands,9.5,2023.0,prince_must_recover_powerful_magical_object_fall_evil_hand
715,burning signal 715,crime,A detective investigates a complicated murder connected to organized crime,1.4,1990.0,detective_investigates_complicated_murder_connected_organized_crime
847,silent journey 847,fantasy,A prince must recover a powerful magical object before it falls into evil hands,8.2,2010.0,prince_must_recover_powerful_magical_object_fall_evil_hand
194,last adventure 194,comedy,Two roommates experience a series of funny misunderstandings and unexpected events,6.8,1987.0,two_roommate_experience_series_funny_misunderstanding_unexpected_event
574,last planet 574,sci-fi,A mysterious signal from space leads researchers to an unknown alien civilization,8.3,1985.0,mysterious_signal_space_lead_researcher_unknown_alien_civilization
947,wild secret 947,action,A police officer uncovers a conspiracy while chasing an international criminal,8.0,1988.0,police_officer_uncovers_conspiracy_chasing_international_criminal
504,final warrior 504,crime,Police officers investigate a series of robberies committed by a mysterious gang,3.6,1997.0,police_officer_investigate_series_robbery_committed_mysterious_gang
1937,electric memory 1937,animation,An unlikely group of animated heroes works together to protect their city,2.8,2005.0,unlikely_group_animated_hero_work_together_protect_city
1897,midnight city 1897,sci-fi,A scientist builds an intelligent robot that begins to understand human emotions,1.8,2024.0,scientist_build_intelligent_robot_begin_understand_human_emotion
1929,electric dream 1929,animation,An unlikely group of animated heroes works together to protect their city,5.7,2016.0,unlikely_group_animated_hero_work_together_protect_city
4,ancient road 4,crime,A criminal mastermind plans a risky robbery while detectives follow his movements,6.3,1980.0,criminal_mastermind_plan_risky_robbery_detective_follow_movement
1243,infinite heart 1243,romance,A musician falls in love with an artist while both struggle with their careers,2.9,1994.0,musician_fall_love_artist_struggle_career
468,lonely journey 468,animation,Toys secretly come alive and begin an exciting adventure when humans leave,7.3,2014.0,toy_secretly_come_alive_begin_exciting_adventure_human_leave
6,last heart 6,action,A skilled agent fights a dangerous criminal organization to protect the city,4.2,2002.0,skilled_agent_fight_dangerous_criminal_organization_protect_city
1960,burning memory 1960,adventure,A captain leads a crew across the ocean in search of a lost kingdom,2.0,2023.0,captain_lead_crew_across_ocean_search_lost_kingdom
548,lost road 548,sci-fi,A team of astronauts travels through deep space to discover a new planet for humanity,5.2,2004.0,team_astronaut_travel_deep_space_discover_new_planet_humanity
229,burning planet 229,action,A police officer uncovers a conspiracy while chasing an international criminal,4.8,2001.0,police_officer_uncovers_conspiracy_chasing_international_criminal
1064,brave adventure 1064,fantasy,   A group of heroes travels through a magical land to defeat an evil ruler   ,2.9,2000.0,group_hero_travel_magical_land_defeat_evil_ruler
543,final signal 543,horror,A group of friends becomes trapped in a forest where something mysterious follows them,7.7,1997.0,group_friend_becomes_trapped_forest_something_mysterious_follows
243,last shadow 243,adventure,A group of explorers searches for a legendary treasure hidden in an ancient land,3.2,2017.0,group_explorer_search_legendary_treasure_hidden_ancient_land
1227,golden hero 1227,comedy,A man pretends to be someone else and becomes trapped in a hilarious situation,7.2,2013.0,man_pretend_someone_else_becomes_trapped_hilarious_situation
1286,ancient storm 1286,fantasy,A young warrior discovers magical powers and must protect an ancient kingdom,5.7,2003.0,young_warrior_discovers_magical_power_must_protect_ancient_kingdom
1176,broken warrior 1176,comedy,Two roommates experience a series of funny misunderstandings and unexpected events,9.1,2012.0,two_roommate_experience_series_funny_misunderstanding_unexpected_event
843,infinite city 843,fantasy,A young warrior discovers magical powers and must protect an ancient kingdom,2.1,1985.0,young_warrior_discovers_magical_power_must_protect_ancient_kingdom
1823,dark journey 1823,drama,A businessman reevaluates his life after experiencing a major personal loss,1.8,1999.0,businessman_reevaluates_life_experiencing_major_personal_loss
1995,unknown heart 1995,action,   A police officer uncovers a conspiracy while chasing an international criminal   ,9.8,1995.0,police_officer_uncovers_conspiracy_chasing_international_criminal
277,last signal 277,animation,A young hero enters a magical world and discovers an unexpected power,1.3,1986.0,young_hero_enters_magical_world_discovers_unexpected_power
662,ancient warrior 662,horror,A journalist investigates strange disappearances connected to an abandoned building,3.3,1998.0,journalist_investigates_strange_disappearance_connected_abandoned_building
1728,final hero 1728,animation,Toys secretly come alive and begin an exciting adventure when humans leave,2.0,2008.0,toy_secretly_come_alive_begin_exciting_adventure_human_leave
315,unknown heart 315,action,A police officer uncovers a conspiracy while chasing an international criminal,5.7,2006.0,police_officer_uncovers_conspiracy_chasing_international_criminal
692,dark world 692,action,A former soldier returns to rescue civilians from a powerful enemy,7.0,1990.0,former_soldier_return_rescue_civilian_powerful_enemy
425,lost shadow 425,sci-fi,A SCIENTIST BUILDS AN INTELLIGENT ROBOT THAT BEGINS TO UNDERSTAND HUMAN EMOTIONS !!! @#$,8.6,1994.0,scientist_build_intelligent_robot_begin_understand_human_emotion
595,brave dream 595,animation,TOYS SECRETLY COME ALIVE AND BEGIN AN EXCITING ADVENTURE WHEN HUMANS LEAVE !!! @#$,3.7,1988.0,toy_secretly_come_alive_begin_exciting_adventure_human_leave
623,unknown mission 623,drama,Two brothers confront their troubled past after returning to their hometown,9.1,2025.0,two_brother_confront_troubled_past_returning_hometown
1132,hidden dream 1132,action,A police officer uncovers a conspiracy while chasing an international criminal,6.4,2019.0,police_officer_uncovers_conspiracy_chasing_international_criminal
228,wild mission 228,fantasy,   A group of heroes travels through a magical land to defeat an evil ruler   ,7.7,1981.0,group_hero_travel_magical_land_defeat_evil_ruler
1211,brave city 1211,drama,A talented student works hard to overcome personal and financial challenges,2.7,2004.0,talented_student_work_hard_overcome_personal_financial_challenge
1438,ancient heart 1438,fantasy,A group of heroes travels through a magical land to defeat an evil ruler,9.1,2001.0,group_hero_travel_magical_land_defeat_evil_ruler
1190,final hero 1190,fantasy,A MYSTERIOUS PORTAL TRANSPORTS A STUDENT INTO A WORLD OF MAGIC AND MYTHICAL CREATURES !!! @#$,2.6,1991.0,mysterious_portal_transport_student_world_magic_mythical_creature
67,broken planet 67,drama,Two brothers confront their troubled past after returning to their hometown,11.2,1994.0,two_brother_confront_troubled_past_returning_hometown
25,burning world 25,crime,An investigator uncovers corruption involving powerful people in the city,3.9,1981.0,investigator_uncovers_corruption_involving_powerful_people_city
537,last night 537,horror,A family moves into an old house and discovers a terrifying supernatural presence,5.6,1993.0,family_move_old_house_discovers_terrifying_supernatural_presence
1962,infinite empire 1962,romance,Two strangers meet unexpectedly and slowly fall in love despite their differences,3.2,2024.0,two_stranger_meet_unexpectedly_slowly_fall_love_despite_difference
86,electric journey 86, crime ,An investigator uncovers corruption involving powerful people in the city,3.2,1987.0,investigator_uncovers_corruption_involving_powerful_people_city
1808,lost city 1808,romance,Childhood friends reunite years later and discover feelings for each other,2.3,1995.0,childhood_friend_reunite_year_later_discover_feeling
1548,brave heart 1548, fantasy ,An ancient prophecy sends unlikely heroes on a dangerous magical journey,2.8,2005.0,ancient_prophecy_sends_unlikely_hero_dangerous_magical_journey
1949,secret empire 1949,comedy,An unlucky employee creates chaos while trying to impress a new manager,2.5,1993.0,unlucky_employee_creates_chaos_trying_impress_new_manager
1964,secret hero 1964,action,A police officer uncovers a conspiracy while chasing an international criminal,9.9,2013.0,police_officer_uncovers_conspiracy_chasing_international_criminal
1730,golden dream 1730,adventure,A young traveler begins a dangerous journey across mountains and forests,3.6,1988.0,young_traveler_begin_dangerous_journey_across_mountain_forest
1238,silent story 1238,action,A warrior seeks revenge after his family is attacked by a ruthless gang,4.1,1990.0,warrior_seek_revenge_family_attacked_ruthless_gang
363,crimson storm 363,action,A former soldier returns to rescue civilians from a powerful enemy,3.2,2022.0,former_soldier_return_rescue_civilian_powerful_enemy
1819,infinite memory 1819,action,A SUPERHERO BATTLES VILLAINS WHO THREATEN TO DESTROY THE WORLD !!! @#$,1.3,1998.0,superhero_battle_villain_threaten_destroy_world
1433,golden kingdom 1433,horror,A woman begins seeing frightening events after finding a mysterious object,1.0,2015.0,woman_begin_seeing_frightening_event_finding_mysterious_object
1027,infinite mission 1027,adventure,A young traveler begins a dangerous journey across mountains and forests,3.5,1981.0,young_traveler_begin_dangerous_journey_across_mountain_forest
1031,electric night 1031,adventure,A young traveler begins a dangerous journey across mountains and forests,5.7,1991.0,young_traveler_begin_dangerous_journey_across_mountain_forest
1464,lonely story 1464,romance,A musician falls in love with an artist while both struggle with their careers,0.3,2012.0,musician_fall_love_artist_struggle_career
1162,brave world 1162,romance,A musician falls in love with an artist while both struggle with their careers,9.8,1982.0,musician_fall_love_artist_struggle_career
365,hidden city 365,drama,A family struggles with relationships and difficult choices after an unexpected event,9.7,3025.0,family_struggle_relationship_difficult_choice_unexpected_event
78,unknown night 78,sci-fi,A scientist builds an intelligent robot that begins to understand human emotions,4.9,2017.0,scientist_build_intelligent_robot_begin_understand_human_emotion
28,silent empire 28,romance,Two people from different backgrounds begin a complicated romantic relationship,2.5,2013.0,two_people_different_background_begin_complicated_romantic_relationship
1553,electric journey 1553,action,A superhero battles villains who threaten to destroy the world,5.7,1990.0,superhero_battle_villain_threaten_destroy_world
526,silent dream 526,action,A warrior seeks revenge after his family is attacked by a ruthless gang,7.6,2002.0,warrior_seek_revenge_family_attacked_ruthless_gang
1609,unknown adventure 1609,drama,A businessman reevaluates his life after experiencing a major personal loss,4.4,2018.0,businessman_reevaluates_life_experiencing_major_personal_loss
56,secret dream 56,romance,Two strangers meet unexpectedly and slowly fall in love despite their differences,7.7,1989.0,two_stranger_meet_unexpectedly_slowly_fall_love_despite_difference
303,electric journey 303,fantasy,A group of heroes travels through a magical land to defeat an evil ruler,1.6,2021.0,group_hero_travel_magical_land_defeat_evil_ruler
719,hidden adventure 719,fantasy,An ancient prophecy sends unlikely heroes on a dangerous magical journey,6.9,2012.0,ancient_prophecy_sends_unlikely_hero_dangerous_magical_journey
625,silent dream 625,fantasy,An ancient prophecy sends unlikely heroes on a dangerous magical journey,2.6,1990.0,ancient_prophecy_sends_unlikely_hero_dangerous_magical_journey
8,lonely night 8,action,A warrior seeks revenge after his family is attacked by a ruthless gang,9.0,2003.0,warrior_seek_revenge_family_attacked_ruthless_gang
804,crimson storm 804,drama,A family struggles with relationships and difficult choices after an unexpected event,10.7,2004.0,family_struggle_relationship_difficult_choice_unexpected_event
1050,infinite heart 1050,horror,A group of friends becomes trapped in a forest where something mysterious follows them,7.3,2022.0,group_friend_becomes_trapped_forest_something_mysterious_follows
337,ancient city 337,action,A superhero battles villains who threaten to destroy the world,7.5,2005.0,superhero_battle_villain_threaten_destroy_world
48,hidden storm 48,animation,A young hero enters a magical world and discovers an unexpected power,6.2,1982.0,young_hero_enters_magical_world_discovers_unexpected_power
1958,frozen signal 1958,drama,A teacher inspires struggling students while facing challenges in his own life,3.3,2011.0,teacher_inspires_struggling_student_facing_challenge_life
107,crimson memory 107,romance,Two strangers meet unexpectedly and slowly fall in love despite their differences,8.0,1990.0,two_stranger_meet_unexpectedly_slowly_fall_love_despite_difference
350,wild city 350,fantasy,A group of heroes travels through a magical land to defeat an evil ruler,1.3,2024.0,group_hero_travel_magical_land_defeat_evil_ruler
1080,secret adventure 1080,crime,An investigator uncovers corruption involving powerful people in the city,1.7,2019.0,investigator_uncovers_corruption_involving_powerful_people_city
239,lonely signal 239,crime,A detective investigates a complicated murder connected to organized crime,4.6,1982.0,detective_investigates_complicated_murder_connected_organized_crime
214,wild memory 214,adventure,Friends follow an ancient map that leads them on an unexpected adventure,3.7,2012.0,friend_follow_ancient_map_lead_unexpected_adventure
1145,broken adventure 1145,crime,A young man becomes involved with a criminal organization and struggles to escape,3.5,1992.0,young_man_becomes_involved_criminal_organization_struggle_escape
1922,hidden signal 1922,drama,A teacher inspires struggling students while facing challenges in his own life 1783 ###,1.9,1994.0,teacher_inspires_struggling_student_facing_challenge_life
1232,broken night 1232,romance,A young couple struggles to keep their relationship alive while pursuing their dreams,2.9,1985.0,young_couple_struggle_keep_relationship_alive_pursuing_dream
794,last secret 794,comedy,Two roommates experience a series of funny misunderstandings and unexpected events,2.9,1991.0,two_roommate_experience_series_funny_misunderstanding_unexpected_event
1097,unknown adventure 1097,sci-fi,A mysterious signal from space leads researchers to an unknown alien civilization,7.1,2013.0,mysterious_signal_space_lead_researcher_unknown_alien_civilization
1712,frozen world 1712,crime,A criminal mastermind plans a risky robbery while detectives follow his movements,7.1,2026.0,criminal_mastermind_plan_risky_robbery_detective_follow_movement
1802,   last road 1802   ,comedy,TWO ROOMMATES EXPERIENCE A SERIES OF FUNNY MISUNDERSTANDINGS AND UNEXPECTED EVENTS !!! @#$,1.0,1981.0,two_roommate_experience_series_funny_misunderstanding_unexpected_event
524,final adventure 524,fantasy,A mysterious portal transports a student into a world of magic and mythical creatures,7.5,2020.0,mysterious_portal_transport_student_world_magic_mythical_creature
233,electric shadow 233,fantasy,A mysterious portal transports a student into a world of magic and mythical creatures,2.9,2012.0,mysterious_portal_transport_student_world_magic_mythical_creature
645,lost road 645, action ,A superhero battles villains who threaten to destroy the world,5.4,2008.0,superhero_battle_villain_threaten_destroy_world
534,brave mission 534,sci-fi,A team of astronauts travels through deep space to discover a new planet for humanity,3.4,1982.0,team_astronaut_travel_deep_space_discover_new_planet_humanity
1629,secret shadow 1629,comedy,A family vacation turns into a collection of ridiculous and embarrassing situations,6.6,2019.0,family_vacation_turn_collection_ridiculous_embarrassing_situation
604,final shadow 604,animation,A curious child befriends a magical creature and explores a hidden kingdom,8.9,2002.0,curious_child_befriends_magical_creature_explores_hidden_kingdom
1306,wild story 1306,sci-fi,A crew becomes stranded on a distant planet after their spacecraft is damaged,1.8,1995.0,crew_becomes_stranded_distant_planet_spacecraft_damaged
1075,ancient hero 1075, crime ,A criminal mastermind plans a risky robbery while detectives follow his movements,4.5,1994.0,criminal_mastermind_plan_risky_robbery_detective_follow_movement
1878,brave shadow 1878,sci-fi,A scientist builds an intelligent robot that begins to understand human emotions,9.5,2004.0,scientist_build_intelligent_robot_begin_understand_human_emotion
61,hidden mission 61,sci-fi,A scientist builds an intelligent robot that begins to understand human emotions,2.1,2003.0,scientist_build_intelligent_robot_begin_understand_human_emotion
1405,lost secret 1405,romance,Two strangers meet unexpectedly and slowly fall in love despite their differences,1.8,2000.0,two_stranger_meet_unexpectedly_slowly_fall_love_despite_difference
93,last shadow 93,comedy,A family vacation turns into a collection of ridiculous and embarrassing situations 7812 ###,4.0,2009.0,family_vacation_turn_collection_ridiculous_embarrassing_situation
281,ancient dream 281,crime,Police officers investigate a series of robberies committed by a mysterious gang,3.1,1987.0,police_officer_investigate_series_robbery_committed_mysterious_gang
1394,dark hero 1394,adventure,EXPLORERS ENTER AN UNKNOWN ISLAND FILLED WITH DANGEROUS CREATURES AND HIDDEN SECRETS !!! @#$,9.1,2024.0,explorer_enter_unknown_island_filled_dangerous_creature_hidden_secret
360,infinite city 360,animation,Toys secretly come alive and begin an exciting adventure when humans leave,1.4,2025.0,toy_secretly_come_alive_begin_exciting_adventure_human_leave
1264,ancient city 1264,drama,A businessman reevaluates his life after experiencing a major personal loss,7.4,2011.0,businessman_reevaluates_life_experiencing_major_personal_loss
848,   dark secret 848   ,crime,Police officers investigate a series of robberies committed by a mysterious gang,4.5,2023.0,police_officer_investigate_series_robbery_committed_mysterious_gang
1489,burning road 1489,adventure,A group of explorers searches for a legendary treasure hidden in an ancient land,8.0,2019.0,group_explorer_search_legendary_treasure_hidden_ancient_land
43,electric night 43, horror ,A woman begins seeing frightening events after finding a mysterious object,7.3,2026.0,woman_begin_seeing_frightening_event_finding_mysterious_object
126,burning memory 126,fantasy,A mysterious portal transports a student into a world of magic and mythical creatures,9.8,1992.0,mysterious_portal_transport_student_world_magic_mythical_creature
205,lost story 205,fantasy,A group of heroes travels through a magical land to defeat an evil ruler,9.9,2014.0,group_hero_travel_magical_land_defeat_evil_ruler
53,   infinite mission 53   ,romance,A young couple struggles to keep their relationship alive while pursuing their dreams,4.3,1990.0,young_couple_struggle_keep_relationship_alive_pursuing_dream
546,frozen storm 546,sci-fi,A scientist builds an intelligent robot that begins to understand human emotions,4.3,1996.0,scientist_build_intelligent_robot_begin_understand_human_emotion
1230,silent adventure 1230,adventure,Friends follow an ancient map that leads them on an unexpected adventure,5.7,2001.0,friend_follow_ancient_map_lead_unexpected_adventure
1668,unknown adventure 1668,sci-fi,A scientist builds an intelligent robot that begins to understand human emotions,6.2,2008.0,scientist_build_intelligent_robot_begin_understand_human_emotion
900,broken shadow 900,action,A superhero battles villains who threaten to destroy the world,1.1,1997.0,superhero_battle_villain_threaten_destroy_world
797,ancient world 797,romance,A young couple struggles to keep their relationship alive while pursuing their dreams,1.4,2016.0,young_couple_struggle_keep_relationship_alive_pursuing_dream
133,broken dream 133,action,   A warrior seeks revenge after his family is attacked by a ruthless gang   ,7.9,2018.0,warrior_seek_revenge_family_attacked_ruthless_gang
81,midnight mission 81,fantasy,A group of heroes travels through a magical land to defeat an evil ruler,7.1,1994.0,group_hero_travel_magical_land_defeat_evil_ruler
1602,golden road 1602,crime,An investigator uncovers corruption involving powerful people in the city,1.7,2026.0,investigator_uncovers_corruption_involving_powerful_people_city
1661,secret storm 1661,action,A police officer uncovers a conspiracy while chasing an international criminal,6.7,1993.0,police_officer_uncovers_conspiracy_chasing_international_criminal
542,infinite secret 542,drama,A teacher inspires struggling students while facing challenges in his own life,8.0,2026.0,teacher_inspires_struggling_student_facing_challenge_life
1717,broken kingdom 1717,crime,A DETECTIVE INVESTIGATES A COMPLICATED MURDER CONNECTED TO ORGANIZED CRIME !!! @#$,4.3,1988.0,detective_investigates_complicated_murder_connected_organized_crime
984,electric memory 984,romance,A musician falls in love with an artist while both struggle with their careers,7.2,2009.0,musician_fall_love_artist_struggle_career
166,brave warrior 166,crime,A detective investigates a complicated murder connected to organized crime,8.9,2008.0,detective_investigates_complicated_murder_connected_organized_crime
249,crimson warrior 249,fantasy,A mysterious portal transports a student into a world of magic and mythical creatures,2.4,1984.0,mysterious_portal_transport_student_world_magic_mythical_creature
447,last story 447,action,A former soldier returns to rescue civilians from a powerful enemy,4.4,2020.0,former_soldier_return_rescue_civilian_powerful_enemy
859,hidden kingdom 859,animation,A group of talking animals works together to save their home from danger,2.9,1996.0,group_talking_animal_work_together_save_home_danger
1310,secret secret 1310,romance,Two strangers meet unexpectedly and slowly fall in love despite their differences,4.2,2018.0,two_stranger_meet_unexpectedly_slowly_fall_love_despite_difference
98,wild warrior 98,sci-fi,A mysterious signal from space leads researchers to an unknown alien civilization,7.5,2009.0,mysterious_signal_space_lead_researcher_unknown_alien_civilization
806,hidden kingdom 806,fantasy,An ancient prophecy sends unlikely heroes on a dangerous magical journey 1639 ###,9.1,2018.0,ancient_prophecy_sends_unlikely_hero_dangerous_magical_journey
738,brave hero 738,adventure,Friends follow an ancient map that leads them on an unexpected adventure,2.8,2026.0,friend_follow_ancient_map_lead_unexpected_adventure
1358,crimson kingdom 1358,adventure,A captain leads a crew across the ocean in search of a lost kingdom,6.7,1985.0,captain_lead_crew_across_ocean_search_lost_kingdom
103,last empire 103,horror,A family moves into an old house and discovers a terrifying supernatural presence,7.7,1983.0,family_move_old_house_discovers_terrifying_supernatural_presence
75,unknown secret 75,action,A superhero battles villains who threaten to destroy the world,7.0,2000.0,superhero_battle_villain_threaten_destroy_world
1934,frozen dream 1934,comedy,Two roommates experience a series of funny misunderstandings and unexpected events,2.9,2017.0,two_roommate_experience_series_funny_misunderstanding_unexpected_event
1470,hidden signal 1470,drama,Two brothers confront their troubled past after returning to their hometown,8.4,2002.0,two_brother_confront_troubled_past_returning_hometown
1231,unknown world 1231,romance,Two strangers meet unexpectedly and slowly fall in love despite their differences,3.0,2024.0,two_stranger_meet_unexpectedly_slowly_fall_love_despite_difference
919,infinite road 919,sci-fi,Humans use advanced technology to travel through time and change the future,7.5,1980.0,human_use_advanced_technology_travel_time_change_future
1801,last storm 1801,animation,A curious child befriends a magical creature and explores a hidden kingdom,5.7,2024.0,curious_child_befriends_magical_creature_explores_hidden_kingdom
1757,ancient mission 1757,action,A police officer uncovers a conspiracy while chasing an international criminal,4.8,2012.0,police_officer_uncovers_conspiracy_chasing_international_criminal
763,wild hero 763,romance,Childhood friends reunite years later and discover feelings for each other,9.6,1989.0,childhood_friend_reunite_year_later_discover_feeling
990,unknown night 990,animation,A curious child befriends a magical creature and explores a hidden kingdom,2.5,1998.0,curious_child_befriends_magical_creature_explores_hidden_kingdom
389,wild story 389,sci-fi,A team of astronauts travels through deep space to discover a new planet for humanity,7.7,2017.0,team_astronaut_travel_deep_space_discover_new_planet_humanity
236,dark world 236,fantasy,A group of heroes travels through a magical land to defeat an evil ruler,5.5440406976744185,1993.0,group_hero_travel_magical_land_defeat_evil_ruler
1627,golden empire 1627,romance,A young couple struggles to keep their relationship alive while pursuing their dreams,5.5,1987.0,young_couple_struggle_keep_relationship_alive_pursuing_dream
268,final adventure 268,fantasy,A young warrior discovers magical powers and must protect an ancient kingdom,13.6,2023.0,young_warrior_discovers_magical_power_must_protect_ancient_kingdom
1282,burning night 1282,horror,A woman begins seeing frightening events after finding a mysterious object,7.0,2000.0,woman_begin_seeing_frightening_event_finding_mysterious_object
118,golden signal 118,drama,A businessman reevaluates his life after experiencing a major personal loss,5.5440406976744185,2018.0,businessman_reevaluates_life_experiencing_major_personal_loss
1729,final city 1729,drama,   A businessman reevaluates his life after experiencing a major personal loss   ,7.7,1980.0,businessman_reevaluates_life_experiencing_major_personal_loss
674,unknown kingdom 674,fantasy,A young warrior discovers magical powers and must protect an ancient kingdom,8.4,1999.0,young_warrior_discovers_magical_power_must_protect_ancient_kingdom
250,electric night 250,drama,A businessman reevaluates his life after experiencing a major personal loss,6.3,2002.0,businessman_reevaluates_life_experiencing_major_personal_loss
1570,lost story 1570,sci-fi,A team of astronauts travels through deep space to discover a new planet for humanity,7.4,1988.0,team_astronaut_travel_deep_space_discover_new_planet_humanity
95,brave heart 95,sci-fi,   A mysterious signal from space leads researchers to an unknown alien civilization   ,1.1,2002.0,mysterious_signal_space_lead_researcher_unknown_alien_civilization
34,frozen planet 34,horror,VISITORS TO AN ISOLATED VILLAGE DISCOVER A DARK SECRET HIDDEN BY THE RESIDENTS !!! @#$,2.2,2016.0,visitor_isolated_village_discover_dark_secret_hidden_resident
1582,lonely planet 1582,adventure,Friends follow an ancient map that leads them on an unexpected adventure,2.9,2014.0,friend_follow_ancient_map_lead_unexpected_adventure
449,electric signal 449,horror,A journalist investigates strange disappearances connected to an abandoned building,1.9,1985.0,journalist_investigates_strange_disappearance_connected_abandoned_building
717,hidden heart 717,comedy,An unlucky employee creates chaos while trying to impress a new manager,5.1,1992.0,unlucky_employee_creates_chaos_trying_impress_new_manager
1367,midnight storm 1367,horror,A woman begins seeing frightening events after finding a mysterious object,7.8,2008.0,woman_begin_seeing_frightening_event_finding_mysterious_object
1638,silent world 1638,animation,An unlikely group of animated heroes works together to protect their city,2.1,2013.0,unlikely_group_animated_hero_work_together_protect_city
1,lost story 1,action,A former soldier returns to rescue civilians from a powerful enemy,3.0,1986.0,former_soldier_return_rescue_civilian_powerful_enemy
1976,infinite road 1976,drama,   Two brothers confront their troubled past after returning to their hometown   ,4.8,1986.0,two_brother_confront_troubled_past_returning_hometown
1109,dark heart 1109,horror,A woman begins seeing frightening events after finding a mysterious object,4.0,1983.0,woman_begin_seeing_frightening_event_finding_mysterious_object
83,last adventure 83,fantasy,An ancient prophecy sends unlikely heroes on a dangerous magical journey,9.0,2016.0,ancient_prophecy_sends_unlikely_hero_dangerous_magical_journey
677,lost road 677,animation,A young hero enters a magical world and discovers an unexpected power,7.5,1988.0,young_hero_enters_magical_world_discovers_unexpected_power
1568,golden secret 1568,horror,A family moves into an old house and discovers a terrifying supernatural presence,5.2,1984.0,family_move_old_house_discovers_terrifying_supernatural_presence
1047,golden hero 1047,adventure,A group of explorers searches for a legendary treasure hidden in an ancient land,9.8,2009.0,group_explorer_search_legendary_treasure_hidden_ancient_land
771,midnight signal 771,drama,A talented student works hard to overcome personal and financial challenges,7.0,1995.0,talented_student_work_hard_overcome_personal_financial_challenge
1314,silent memory 1314,crime,A criminal mastermind plans a risky robbery while detectives follow his movements,8.1,3025.0,criminal_mastermind_plan_risky_robbery_detective_follow_movement
1906,ancient night 1906,fantasy,A prince must recover a powerful magical object before it falls into evil hands,8.4,2021.0,prince_must_recover_powerful_magical_object_fall_evil_hand
1608,crimson hero 1608,horror,A group of friends becomes trapped in a forest where something mysterious follows them,11.4,1991.0,group_friend_becomes_trapped_forest_something_mysterious_follows
405,frozen journey 405,crime,Police officers investigate a series of robberies committed by a mysterious gang,9.5,2022.0,police_officer_investigate_series_robbery_committed_mysterious_gang
1939,hidden city 1939,fantasy,An ancient prophecy sends unlikely heroes on a dangerous magical journey,8.9,1987.0,ancient_prophecy_sends_unlikely_hero_dangerous_magical_journey
1447,wild story 1447,adventure,A group of explorers searches for a legendary treasure hidden in an ancient land,2.0,1986.0,group_explorer_search_legendary_treasure_hidden_ancient_land
105,lost memory 105,comedy,An unlucky employee creates chaos while trying to impress a new manager,3.1,2010.0,unlucky_employee_creates_chaos_trying_impress_new_manager
689,   last dream 689   ,crime,Police officers investigate a series of robberies committed by a mysterious gang,6.8,2009.0,police_officer_investigate_series_robbery_committed_mysterious_gang
1412,silent secret 1412,animation,An unlikely group of animated heroes works together to protect their city,3.6,1985.0,unlikely_group_animated_hero_work_together_protect_city
827,crimson kingdom 827,comedy,A group of friends gets into hilarious trouble during a weekend trip,4.2,2021.0,group_friend_get_hilarious_trouble_weekend_trip
1241,lost dream 1241,crime,A YOUNG MAN BECOMES INVOLVED WITH A CRIMINAL ORGANIZATION AND STRUGGLES TO ESCAPE !!! @#$,9.3,3025.0,young_man_becomes_involved_criminal_organization_struggle_escape
63,broken dream 63,comedy,Two roommates experience a series of funny misunderstandings and unexpected events,8.0,2006.0,two_roommate_experience_series_funny_misunderstanding_unexpected_event
853,golden shadow 853,animation,Toys secretly come alive and begin an exciting adventure when humans leave,4.3,2005.0,toy_secretly_come_alive_begin_exciting_adventure_human_leave
1462,burning night 1462, fantasy ,A YOUNG WARRIOR DISCOVERS MAGICAL POWERS AND MUST PROTECT AN ANCIENT KINGDOM !!! @#$,2.5,2014.0,young_warrior_discovers_magical_power_must_protect_ancient_kingdom
1263,final hero 1263,sci-fi,A crew becomes stranded on a distant planet after their spacecraft is damaged,9.0,1990.0,crew_becomes_stranded_distant_planet_spacecraft_damaged
224,lonely signal 224,adventure,A group of explorers searches for a legendary treasure hidden in an ancient land,7.9,2016.0,group_explorer_search_legendary_treasure_hidden_ancient_land
146,lost story 146,fantasy,A prince must recover a powerful magical object before it falls into evil hands,1.4,3025.0,prince_must_recover_powerful_magical_object_fall_evil_hand
1089,hidden memory 1089,sci-fi,A scientist builds an intelligent robot that begins to understand human emotions,9.2,1989.0,scientist_build_intelligent_robot_begin_understand_human_emotion
374,crimson heart 374,romance,A MUSICIAN FALLS IN LOVE WITH AN ARTIST WHILE BOTH STRUGGLE WITH THEIR CAREERS !!! @#$,5.6,1985.0,musician_fall_love_artist_struggle_career
1143,infinite shadow 1143,horror,A family moves into an old house and discovers a terrifying supernatural presence,6.0,1992.0,family_move_old_house_discovers_terrifying_supernatural_presence
1973,dark story 1973,sci-fi,A scientist builds an intelligent robot that begins to understand human emotions,4.2,1998.0,scientist_build_intelligent_robot_begin_understand_human_emotion
1614,wild storm 1614,action,A former soldier returns to rescue civilians from a powerful enemy,2.7,2007.0,former_soldier_return_rescue_civilian_powerful_enemy
1275,brave heart 1275,animation,TOYS SECRETLY COME ALIVE AND BEGIN AN EXCITING ADVENTURE WHEN HUMANS LEAVE !!! @#$,6.2,2011.0,toy_secretly_come_alive_begin_exciting_adventure_human_leave
1266,frozen hero 1266,drama,A talented student works hard to overcome personal and financial challenges,5.6,2005.0,talented_student_work_hard_overcome_personal_financial_challenge
1724,lost signal 1724,action,A former soldier returns to rescue civilians from a powerful enemy,4.6,1980.0,former_soldier_return_rescue_civilian_powerful_enemy
1698,hidden hero 1698,crime,A criminal mastermind plans a risky robbery while detectives follow his movements,1.6,2020.0,criminal_mastermind_plan_risky_robbery_detective_follow_movement
10,broken dream 10,action,A police officer uncovers a conspiracy while chasing an international criminal,3.5,2020.0,police_officer_uncovers_conspiracy_chasing_international_criminal
450,ancient adventure 450,romance,Two people from different backgrounds begin a complicated romantic relationship,6.0,2006.0,two_people_different_background_begin_complicated_romantic_relationship
709,hidden heart 709,sci-fi,A mysterious signal from space leads researchers to an unknown alien civilization,1.3,2015.0,mysterious_signal_space_lead_researcher_unknown_alien_civilization
256,burning kingdom 256,action,A skilled agent fights a dangerous criminal organization to protect the city,3.2,2008.0,skilled_agent_fight_dangerous_criminal_organization_protect_city
883,lonely shadow 883,animation,A curious child befriends a magical creature and explores a hidden kingdom,3.2,2025.0,curious_child_befriends_magical_creature_explores_hidden_kingdom
390,dark shadow 390,action,A superhero battles villains who threaten to destroy the world,7.3,2014.0,superhero_battle_villain_threaten_destroy_world
1487,lost empire 1487,action,A police officer uncovers a conspiracy while chasing an international criminal,8.3,2017.0,police_officer_uncovers_conspiracy_chasing_international_criminal
909,midnight adventure 909,adventure,Explorers enter an unknown island filled with dangerous creatures and hidden secrets,8.8,2018.0,explorer_enter_unknown_island_filled_dangerous_creature_hidden_secret
1838,wild shadow 1838,horror,Visitors to an isolated village discover a dark secret hidden by the residents,9.3,1988.0,visitor_isolated_village_discover_dark_secret_hidden_resident
461,frozen warrior 461,comedy,An unlucky employee creates chaos while trying to impress a new manager,9.7,2000.0,unlucky_employee_creates_chaos_trying_impress_new_manager
1919,frozen dream 1919,action,   A police officer uncovers a conspiracy while chasing an international criminal   ,7.5,1997.0,police_officer_uncovers_conspiracy_chasing_international_criminal
1835,last story 1835,romance,Two people from different backgrounds begin a complicated romantic relationship,4.3,1985.0,two_people_different_background_begin_complicated_romantic_relationship
1169,midnight secret 1169,animation,A group of talking animals works together to save their home from danger,3.7,1997.0,group_talking_animal_work_together_save_home_danger
959,wild storm 959,sci-fi,Humans use advanced technology to travel through time and change the future,1.4,1990.0,human_use_advanced_technology_travel_time_change_future
502,crimson shadow 502,adventure,A young traveler begins a dangerous journey across mountains and forests,6.5,1993.0,young_traveler_begin_dangerous_journey_across_mountain_forest
1999,unknown dream 1999,horror,Visitors to an isolated village discover a dark secret hidden by the residents,5.4,2022.0,visitor_isolated_village_discover_dark_secret_hidden_resident
869,lost city 869,romance,A young couple struggles to keep their relationship alive while pursuing their dreams,7.0,2024.0,young_couple_struggle_keep_relationship_alive_pursuing_dream
732,final night 732,horror,A journalist investigates strange disappearances connected to an abandoned building,1.6,1983.0,journalist_investigates_strange_disappearance_connected_abandoned_building
540,hidden adventure 540,animation,An unlikely group of animated heroes works together to protect their city,6.5,1999.0,unlikely_group_animated_hero_work_together_protect_city
1202,lost mission 1202,comedy,A man pretends to be someone else and becomes trapped in a hilarious situation,8.6,2023.0,man_pretend_someone_else_becomes_trapped_hilarious_situation
698,final memory 698,drama,Two brothers confront their troubled past after returning to their hometown,8.0,2019.0,two_brother_confront_troubled_past_returning_hometown
1506,last warrior 1506,comedy,An unlucky employee creates chaos while trying to impress a new manager,7.0,2024.0,unlucky_employee_creates_chaos_trying_impress_new_manager
1146,silent empire 1146,action,A police officer uncovers a conspiracy while chasing an international criminal,2.6,2022.0,police_officer_uncovers_conspiracy_chasing_international_criminal
1032,infinite journey 1032, action ,A former soldier returns to rescue civilians from a powerful enemy,9.2,2008.0,former_soldier_return_rescue_civilian_powerful_enemy
373,lost warrior 373,romance,Childhood friends reunite years later and discover feelings for each other,6.1,1992.0,childhood_friend_reunite_year_later_discover_feeling
668,midnight journey 668,romance,Two strangers meet unexpectedly and slowly fall in love despite their differences,5.1,1993.0,two_stranger_meet_unexpectedly_slowly_fall_love_despite_difference
1646,lonely adventure 1646,horror,A group of friends becomes trapped in a forest where something mysterious follows them,9.1,1987.0,group_friend_becomes_trapped_forest_something_mysterious_follows
358,frozen warrior 358,comedy,A family vacation turns into a collection of ridiculous and embarrassing situations,4.1,2026.0,family_vacation_turn_collection_ridiculous_embarrassing_situation
968,wild world 968,horror,Visitors to an isolated village discover a dark secret hidden by the residents,9.5,1994.0,visitor_isolated_village_discover_dark_secret_hidden_resident
784,burning world 784,adventure,A young traveler begins a dangerous journey across mountains and forests,8.6,2019.0,young_traveler_begin_dangerous_journey_across_mountain_forest
971,unknown memory 971,animation,Toys secretly come alive and begin an exciting adventure when humans leave,5.0,1988.0,toy_secretly_come_alive_begin_exciting_adventure_human_leave
1606,wild kingdom 1606,animation,A curious child befriends a magical creature and explores a hidden kingdom,5.0,3025.0,curious_child_befriends_magical_creature_explores_hidden_kingdom
1907,infinite heart 1907,crime,A detective investigates a complicated murder connected to organized crime,2.0,2000.0,detective_investigates_complicated_murder_connected_organized_crime
1926,dark night 1926,action,A skilled agent fights a dangerous criminal organization to protect the city,3.4,2024.0,skilled_agent_fight_dangerous_criminal_organization_protect_city
1329,midnight road 1329,sci-fi,A mysterious signal from space leads researchers to an unknown alien civilization,9.2,2018.0,mysterious_signal_space_lead_researcher_unknown_alien_civilization
1908,   final signal 1908   ,animation,A young hero enters a magical world and discovers an unexpected power,1.7,2022.0,young_hero_enters_magical_world_discovers_unexpected_power
1253,secret storm 1253,drama,A teacher inspires struggling students while facing challenges in his own life,3.5,2021.0,teacher_inspires_struggling_student_facing_challenge_life
1237,brave planet 1237,comedy,An unlucky employee creates chaos while trying to impress a new manager,7.0,1981.0,unlucky_employee_creates_chaos_trying_impress_new_manager
886,ancient planet 886,horror,A family moves into an old house and discovers a terrifying supernatural presence,2.6,1998.0,family_move_old_house_discovers_terrifying_supernatural_presence
80,frozen kingdom 80,crime,A detective investigates a complicated murder connected to organized crime,3.6,2022.0,detective_investigates_complicated_murder_connected_organized_crime
815,secret story 815,fantasy,A prince must recover a powerful magical object before it falls into evil hands,4.8,2003.0,prince_must_recover_powerful_magical_object_fall_evil_hand
1388,last empire 1388,horror,A group of friends becomes trapped in a forest where something mysterious follows them,2.6,1990.0,group_friend_becomes_trapped_forest_something_mysterious_follows
672,golden world 672,crime,A detective investigates a complicated murder connected to organized crime,6.6,1995.0,detective_investigates_complicated_murder_connected_organized_crime
1652,wild hero 1652,animation,A curious child befriends a magical creature and explores a hidden kingdom,5.5440406976744185,1994.0,curious_child_befriends_magical_creature_explores_hidden_kingdom
134,crimson road 134,fantasy,A prince must recover a powerful magical object before it falls into evil hands,11.6,2008.0,prince_must_recover_powerful_magical_object_fall_evil_hand
1141,electric shadow 1141,crime,A young man becomes involved with a criminal organization and struggles to escape,9.4,2019.0,young_man_becomes_involved_criminal_organization_struggle_escape
934,lonely secret 934,horror,Visitors to an isolated village discover a dark secret hidden by the residents,6.1,2016.0,visitor_isolated_village_discover_dark_secret_hidden_resident
824,burning night 824,fantasy,A prince must recover a powerful magical object before it falls into evil hands,1.5,1991.0,prince_must_recover_powerful_magical_object_fall_evil_hand
1215,hidden night 1215,drama,Two brothers confront their troubled past after returning to their hometown,2.6,2024.0,two_brother_confront_troubled_past_returning_hometown
505,hidden city 505,crime,A criminal mastermind plans a risky robbery while detectives follow his movements,9.3,1997.0,criminal_mastermind_plan_risky_robbery_detective_follow_movement
1916,wild road 1916,fantasy,A prince must recover a powerful magical object before it falls into evil hands,1.2,1981.0,prince_must_recover_powerful_magical_object_fall_evil_hand
387,dark adventure 387, drama ,A talented student works hard to overcome personal and financial challenges,5.6,2009.0,talented_student_work_hard_overcome_personal_financial_challenge
1025,electric shadow 1025,adventure,A group of explorers searches for a legendary treasure hidden in an ancient land,8.5,1999.0,group_explorer_search_legendary_treasure_hidden_ancient_land
895,wild adventure 895,comedy,An unlucky employee creates chaos while trying to impress a new manager,7.6,1982.0,unlucky_employee_creates_chaos_trying_impress_new_manager
829,wild storm 829,animation,A young hero enters a magical world and discovers an unexpected power,5.7,2025.0,young_hero_enters_magical_world_discovers_unexpected_power
476,frozen signal 476,crime,A CRIMINAL MASTERMIND PLANS A RISKY ROBBERY WHILE DETECTIVES FOLLOW HIS MOVEMENTS !!! @#$,1.9,2026.0,criminal_mastermind_plan_risky_robbery_detective_follow_movement
1589,silent warrior 1589,animation,A young hero enters a magical world and discovers an unexpected power,6.7,2024.0,young_hero_enters_magical_world_discovers_unexpected_power
1510,electric memory 1510,comedy,An unlucky employee creates chaos while trying to impress a new manager,3.2,2001.0,unlucky_employee_creates_chaos_trying_impress_new_manager
653,infinite hero 653,crime,An investigator uncovers corruption involving powerful people in the city,6.5,1999.0,investigator_uncovers_corruption_involving_powerful_people_city
173,dark night 173,adventure,Explorers enter an unknown island filled with dangerous creatures and hidden secrets,4.4,1989.0,explorer_enter_unknown_island_filled_dangerous_creature_hidden_secret
39,secret adventure 39,romance,A young couple struggles to keep their relationship alive while pursuing their dreams,8.9,1984.0,young_couple_struggle_keep_relationship_alive_pursuing_dream
714,lost warrior 714,comedy,TWO ROOMMATES EXPERIENCE A SERIES OF FUNNY MISUNDERSTANDINGS AND UNEXPECTED EVENTS !!! @#$,8.5,1998.0,two_roommate_experience_series_funny_misunderstanding_unexpected_event
91,broken story 91,horror,A journalist investigates strange disappearances connected to an abandoned building,3.9,2014.0,journalist_investigates_strange_disappearance_connected_abandoned_building
167,burning adventure 167,action,A skilled agent fights a dangerous criminal organization to protect the city,7.5,2006.0,skilled_agent_fight_dangerous_criminal_organization_protect_city
1206,unknown adventure 1206,adventure,Friends follow an ancient map that leads them on an unexpected adventure,14.5,2026.0,friend_follow_ancient_map_lead_unexpected_adventure
876,lonely adventure 876,horror,A group of friends becomes trapped in a forest where something mysterious follows them,9.7,2020.0,group_friend_becomes_trapped_forest_something_mysterious_follows
1460,final world 1460,horror,A family moves into an old house and discovers a terrifying supernatural presence,9.4,3025.0,family_move_old_house_discovers_terrifying_supernatural_presence
1094,dark story 1094,adventure,A group of explorers searches for a legendary treasure hidden in an ancient land,1.5,2009.0,group_explorer_search_legendary_treasure_hidden_ancient_land
1156,dark story 1156,fantasy,A GROUP OF HEROES TRAVELS THROUGH A MAGICAL LAND TO DEFEAT AN EVIL RULER !!! @#$,2.0,2009.0,group_hero_travel_magical_land_defeat_evil_ruler
1325,   lost night 1325   ,romance,Childhood friends reunite years later and discover feelings for each other,3.1,2008.0,childhood_friend_reunite_year_later_discover_feeling
1473,golden mission 1473,adventure,Friends follow an ancient map that leads them on an unexpected adventure,6.6,2025.0,friend_follow_ancient_map_lead_unexpected_adventure
1351,dark mission 1351,adventure,Friends follow an ancient map that leads them on an unexpected adventure,9.6,2004.0,friend_follow_ancient_map_lead_unexpected_adventure
511,last hero 511,adventure,A captain leads a crew across the ocean in search of a lost kingdom,3.0,2020.0,captain_lead_crew_across_ocean_search_lost_kingdom
500,unknown journey 500,comedy,A family vacation turns into a collection of ridiculous and embarrassing situations,3.4,1985.0,family_vacation_turn_collection_ridiculous_embarrassing_situation
1466,midnight planet 1466,adventure,A captain leads a crew across the ocean in search of a lost kingdom,9.6,2001.0,captain_lead_crew_across_ocean_search_lost_kingdom
1731,ancient warrior 1731,animation,A group of talking animals works together to save their home from danger,2.4,1992.0,group_talking_animal_work_together_save_home_danger
339,lonely night 339,adventure,A group of explorers searches for a legendary treasure hidden in an ancient land,4.5,2008.0,group_explorer_search_legendary_treasure_hidden_ancient_land
1432,brave shadow 1432,romance,Two strangers meet unexpectedly and slowly fall in love despite their differences,9.4,1999.0,two_stranger_meet_unexpectedly_slowly_fall_love_despite_difference
1977,unknown memory 1977,horror,A journalist investigates strange disappearances connected to an abandoned building,2.6,2007.0,journalist_investigates_strange_disappearance_connected_abandoned_building
946,frozen storm 946, action ,A skilled agent fights a dangerous criminal organization to protect the city,5.9,1996.0,skilled_agent_fight_dangerous_criminal_organization_protect_city
170,lonely journey 170,drama,A TEACHER INSPIRES STRUGGLING STUDENTS WHILE FACING CHALLENGES IN HIS OWN LIFE !!! @#$,1.6,2020.0,teacher_inspires_struggling_student_facing_challenge_life
1198,midnight dream 1198,drama,Two brothers confront their troubled past after returning to their hometown,9.1,1988.0,two_brother_confront_troubled_past_returning_hometown
1254,infinite empire 1254,animation,   An unlikely group of animated heroes works together to protect their city   ,9.6,2011.0,unlikely_group_animated_hero_work_together_protect_city
1512,lost mission 1512,adventure,Explorers enter an unknown island filled with dangerous creatures and hidden secrets,1.3,1987.0,explorer_enter_unknown_island_filled_dangerous_creature_hidden_secret
913,broken warrior 913,fantasy,A young warrior discovers magical powers and must protect an ancient kingdom,6.9,2014.0,young_warrior_discovers_magical_power_must_protect_ancient_kingdom
492,electric memory 492,adventure,A group of explorers searches for a legendary treasure hidden in an ancient land,8.8,1980.0,group_explorer_search_legendary_treasure_hidden_ancient_land
954,   golden signal 954   ,comedy,An unlucky employee creates chaos while trying to impress a new manager,7.8,1985.0,unlucky_employee_creates_chaos_trying_impress_new_manager
1098,hidden hero 1098,sci-fi,A crew becomes stranded on a distant planet after their spacecraft is damaged,2.0,2007.0,crew_becomes_stranded_distant_planet_spacecraft_damaged
1033,lost empire 1033,crime,An investigator uncovers corruption involving powerful people in the city,2.4,2001.0,investigator_uncovers_corruption_involving_powerful_people_city
588,brave world 588,adventure,Explorers enter an unknown island filled with dangerous creatures and hidden secrets,9.5,2016.0,explorer_enter_unknown_island_filled_dangerous_creature_hidden_secret
751,burning signal 751,sci-fi,Humans use advanced technology to travel through time and change the future,8.2,2008.0,human_use_advanced_technology_travel_time_change_future
733,golden hero 733,horror,A family moves into an old house and discovers a terrifying supernatural presence,4.2,2008.0,family_move_old_house_discovers_terrifying_supernatural_presence
1950,unknown memory 1950,adventure,Explorers enter an unknown island filled with dangerous creatures and hidden secrets,7.6,1986.0,explorer_enter_unknown_island_filled_dangerous_creature_hidden_secret
1157,ancient kingdom 1157,drama,A businessman reevaluates his life after experiencing a major personal loss,3.0,1998.0,businessman_reevaluates_life_experiencing_major_personal_loss
1588,secret dream 1588,romance,Two people from different backgrounds begin a complicated romantic relationship,3.9,2020.0,two_people_different_background_begin_complicated_romantic_relationship
935,hidden journey 935,romance,A MUSICIAN FALLS IN LOVE WITH AN ARTIST WHILE BOTH STRUGGLE WITH THEIR CAREERS !!! @#$,4.2,1988.0,musician_fall_love_artist_struggle_career
1210,lost shadow 1210,action,A superhero battles villains who threaten to destroy the world,4.7,2015.0,superhero_battle_villain_threaten_destroy_world
1066,brave world 1066,action,A warrior seeks revenge after his family is attacked by a ruthless gang,9.9,2005.0,warrior_seek_revenge_family_attacked_ruthless_gang
109,wild planet 109,animation,A group of talking animals works together to save their home from danger,6.3,2020.0,group_talking_animal_work_together_save_home_danger
1672,dark dream 1672,romance,   Two people from different backgrounds begin a complicated romantic relationship   ,6.9,2017.0,two_people_different_background_begin_complicated_romantic_relationship
569,last road 569,romance,Childhood friends reunite years later and discover feelings for each other,4.6,1983.0,childhood_friend_reunite_year_later_discover_feeling
1168,final signal 1168,animation,A curious child befriends a magical creature and explores a hidden kingdom,7.3,2020.0,curious_child_befriends_magical_creature_explores_hidden_kingdom
891,midnight shadow 891,comedy,Two roommates experience a series of funny misunderstandings and unexpected events,8.1,2011.0,two_roommate_experience_series_funny_misunderstanding_unexpected_event
948,frozen hero 948,romance,A young couple struggles to keep their relationship alive while pursuing their dreams,5.4,2021.0,young_couple_struggle_keep_relationship_alive_pursuing_dream
1049,frozen road 1049,drama,A talented student works hard to overcome personal and financial challenges,2.3,2019.0,talented_student_work_hard_overcome_personal_financial_challenge
1461,secret heart 1461,fantasy,A mysterious portal transports a student into a world of magic and mythical creatures,8.6,1993.0,mysterious_portal_transport_student_world_magic_mythical_creature
1482,hidden secret 1482,horror,   A woman begins seeing frightening events after finding a mysterious object   ,5.5,2013.0,woman_begin_seeing_frightening_event_finding_mysterious_object
1563,ancient adventure 1563,fantasy,An ancient prophecy sends unlikely heroes on a dangerous magical journey,9.2,1991.0,ancient_prophecy_sends_unlikely_hero_dangerous_magical_journey
885,burning memory 885,comedy,Two roommates experience a series of funny misunderstandings and unexpected events,5.5440406976744185,2014.0,two_roommate_experience_series_funny_misunderstanding_unexpected_event
1811,lost night 1811,drama,A family struggles with relationships and difficult choices after an unexpected event,2.4,2021.0,family_struggle_relationship_difficult_choice_unexpected_event
1408,unknown warrior 1408,crime,Police officers investigate a series of robberies committed by a mysterious gang,1.1,1997.0,police_officer_investigate_series_robbery_committed_mysterious_gang
735,broken secret 735,animation,Toys secretly come alive and begin an exciting adventure when humans leave,7.2,1983.0,toy_secretly_come_alive_begin_exciting_adventure_human_leave
718,hidden shadow 718,adventure,A group of explorers searches for a legendary treasure hidden in an ancient land,9.3,2023.0,group_explorer_search_legendary_treasure_hidden_ancient_land
455,last kingdom 455,romance,A musician falls in love with an artist while both struggle with their careers,3.5,1999.0,musician_fall_love_artist_struggle_career
265,   broken city 265   ,comedy,An unlucky employee creates chaos while trying to impress a new manager,1.7,1986.0,unlucky_employee_creates_chaos_trying_impress_new_manager
76,unknown hero 76,animation,   A young hero enters a magical world and discovers an unexpected power   ,2.7,2022.0,young_hero_enters_magical_world_discovers_unexpected_power
1787,lost road 1787,romance,Two strangers meet unexpectedly and slowly fall in love despite their differences,3.0,2004.0,two_stranger_meet_unexpectedly_slowly_fall_love_despite_difference
445,wild shadow 445,crime,A young man becomes involved with a criminal organization and struggles to escape,7.1,2022.0,young_man_becomes_involved_criminal_organization_struggle_escape
396,ancient hero 396,crime,A criminal mastermind plans a risky robbery while detectives follow his movements,8.4,1995.0,criminal_mastermind_plan_risky_robbery_detective_follow_movement
177,electric story 177,horror,A family moves into an old house and discovers a terrifying supernatural presence,5.5440406976744185,2009.0,family_move_old_house_discovers_terrifying_supernatural_presence
1043,brave road 1043,horror,A group of friends becomes trapped in a forest where something mysterious follows them,1.6,2019.0,group_friend_becomes_trapped_forest_something_mysterious_follows
1872,hidden planet 1872,animation,A curious child befriends a magical creature and explores a hidden kingdom,9.6,2002.0,curious_child_befriends_magical_creature_explores_hidden_kingdom
1515,final warrior 1515,horror,Visitors to an isolated village discover a dark secret hidden by the residents,3.2,1992.0,visitor_isolated_village_discover_dark_secret_hidden_resident
1631,last warrior 1631,horror,A family moves into an old house and discovers a terrifying supernatural presence,6.3,2010.0,family_move_old_house_discovers_terrifying_supernatural_presence
1492,dark night 1492,drama,A teacher inspires struggling students while facing challenges in his own life,6.6,1984.0,teacher_inspires_struggling_student_facing_challenge_life
596,ancient empire 596,romance,Childhood friends reunite years later and discover feelings for each other,2.6,2015.0,childhood_friend_reunite_year_later_discover_feeling
62,ancient city 62,romance,Two strangers meet unexpectedly and slowly fall in love despite their differences 6862 ###,3.8,1982.0,two_stranger_meet_unexpectedly_slowly_fall_love_despite_difference
1297,brave secret 1297,crime,Police officers investigate a series of robberies committed by a mysterious gang,5.5,1985.0,police_officer_investigate_series_robbery_committed_mysterious_gang
873,unknown road 873,animation,A young hero enters a magical world and discovers an unexpected power,7.6,2008.0,young_hero_enters_magical_world_discovers_unexpected_power
279,frozen adventure 279,romance,Two people from different backgrounds begin a complicated romantic relationship 1311 ###,1.0,1985.0,two_people_different_background_begin_complicated_romantic_relationship
1393,lonely road 1393,action,A police officer uncovers a conspiracy while chasing an international criminal,3.3,2001.0,police_officer_uncovers_conspiracy_chasing_international_criminal
1636,broken signal 1636,adventure,A captain leads a crew across the ocean in search of a lost kingdom,4.4,1983.0,captain_lead_crew_across_ocean_search_lost_kingdom
663,hidden empire 663,drama,A FAMILY STRUGGLES WITH RELATIONSHIPS AND DIFFICULT CHOICES AFTER AN UNEXPECTED EVENT !!! @#$,8.8,2017.0,family_struggle_relationship_difficult_choice_unexpected_event
1952,final warrior 1952,comedy,A group of friends gets into hilarious trouble during a weekend trip,0.6,2001.0,group_friend_get_hilarious_trouble_weekend_trip
1561,unknown adventure 1561,action,A superhero battles villains who threaten to destroy the world,7.3,2025.0,superhero_battle_villain_threaten_destroy_world
978,crimson story 978,fantasy,A prince must recover a powerful magical object before it falls into evil hands,6.1,1994.0,prince_must_recover_powerful_magical_object_fall_evil_hand
1693,wild kingdom 1693,horror,A woman begins seeing frightening events after finding a mysterious object,5.1,1996.0,woman_begin_seeing_frightening_event_finding_mysterious_object
739,unknown adventure 739,comedy,An unlucky employee creates chaos while trying to impress a new manager,9.9,1984.0,unlucky_employee_creates_chaos_trying_impress_new_manager
192,brave heart 192,horror,A journalist investigates strange disappearances connected to an abandoned building,2.0,1994.0,journalist_investigates_strange_disappearance_connected_abandoned_building
457,crimson memory 457,drama,A talented student works hard to overcome personal and financial challenges,5.1,1988.0,talented_student_work_hard_overcome_personal_financial_challenge
1418,broken storm 1418,adventure,Friends follow an ancient map that leads them on an unexpected adventure,7.4,2020.0,friend_follow_ancient_map_lead_unexpected_adventure
676,midnight empire 676,romance,Childhood friends reunite years later and discover feelings for each other,7.8,1990.0,childhood_friend_reunite_year_later_discover_feeling
761,crimson mission 761,horror,A journalist investigates strange disappearances connected to an abandoned building,7.9,2008.0,journalist_investigates_strange_disappearance_connected_abandoned_building
1953,lost empire 1953,romance,A musician falls in love with an artist while both struggle with their careers 5322 ###,4.0,1991.0,musician_fall_love_artist_struggle_career
729,frozen storm 729,crime,An investigator uncovers corruption involving powerful people in the city,9.5,2025.0,investigator_uncovers_corruption_involving_powerful_people_city
1400,golden adventure 1400,action,A police officer uncovers a conspiracy while chasing an international criminal,7.9,1980.0,police_officer_uncovers_conspiracy_chasing_international_criminal
413,frozen planet 413,comedy,Two roommates experience a series of funny misunderstandings and unexpected events,5.5440406976744185,1980.0,two_roommate_experience_series_funny_misunderstanding_unexpected_event
1099,midnight story 1099,horror,A journalist investigates strange disappearances connected to an abandoned building,8.2,1996.0,journalist_investigates_strange_disappearance_connected_abandoned_building
826,golden journey 826,horror,Visitors to an isolated village discover a dark secret hidden by the residents,5.5440406976744185,2024.0,visitor_isolated_village_discover_dark_secret_hidden_resident
1616,wild shadow 1616,sci-fi,A scientist builds an intelligent robot that begins to understand human emotions,3.2,1982.0,scientist_build_intelligent_robot_begin_understand_human_emotion
617,frozen story 617,drama,A family struggles with relationships and difficult choices after an unexpected event,6.8,2004.0,family_struggle_relationship_difficult_choice_unexpected_event
418,midnight planet 418,drama,   A businessman reevaluates his life after experiencing a major personal loss   ,3.8,1982.0,businessman_reevaluates_life_experiencing_major_personal_loss
970,crimson road 970,crime,A criminal mastermind plans a risky robbery while detectives follow his movements,3.2,1989.0,criminal_mastermind_plan_risky_robbery_detective_follow_movement
605,wild dream 605,crime,A criminal mastermind plans a risky robbery while detectives follow his movements,8.1,2016.0,criminal_mastermind_plan_risky_robbery_detective_follow_movement
90,burning empire 90,horror,A group of friends becomes trapped in a forest where something mysterious follows them,3.5,1984.0,group_friend_becomes_trapped_forest_something_mysterious_follows
849,electric dream 849,romance,Two people from different backgrounds begin a complicated romantic relationship,5.1,2024.0,two_people_different_background_begin_complicated_romantic_relationship
1640,burning shadow 1640,drama,A talented student works hard to overcome personal and financial challenges,1.0,2020.0,talented_student_work_hard_overcome_personal_financial_challenge
499,lonely planet 499,drama,Two brothers confront their troubled past after returning to their hometown,1.9,2021.0,two_brother_confront_troubled_past_returning_hometown
1277,final memory 1277,adventure,Explorers enter an unknown island filled with dangerous creatures and hidden secrets,4.3,2007.0,explorer_enter_unknown_island_filled_dangerous_creature_hidden_secret
1326,infinite storm 1326,comedy,A FAMILY VACATION TURNS INTO A COLLECTION OF RIDICULOUS AND EMBARRASSING SITUATIONS !!! @#$,1.8,2010.0,family_vacation_turn_collection_ridiculous_embarrassing_situation
12,crimson kingdom 12,action,A warrior seeks revenge after his family is attacked by a ruthless gang,7.6,1990.0,warrior_seek_revenge_family_attacked_ruthless_gang
397,infinite city 397,drama,A businessman reevaluates his life after experiencing a major personal loss,2.7,2026.0,businessman_reevaluates_life_experiencing_major_personal_loss
285,brave shadow 285,comedy,   An unlucky employee creates chaos while trying to impress a new manager   ,7.0,1985.0,unlucky_employee_creates_chaos_trying_impress_new_manager
1067,unknown journey 1067,romance,Childhood friends reunite years later and discover feelings for each other,9.1,1983.0,childhood_friend_reunite_year_later_discover_feeling
1192,silent adventure 1192,fantasy,A mysterious portal transports a student into a world of magic and mythical creatures,4.3,1993.0,mysterious_portal_transport_student_world_magic_mythical_creature
1441,last planet 1441,crime,An investigator uncovers corruption involving powerful people in the city,5.9,1983.0,investigator_uncovers_corruption_involving_powerful_people_city
1963,infinite planet 1963,animation,A group of talking animals works together to save their home from danger,2.7,2004.0,group_talking_animal_work_together_save_home_danger
1451,ancient warrior 1451,romance,Childhood friends reunite years later and discover feelings for each other,4.4,1987.0,childhood_friend_reunite_year_later_discover_feeling
691,unknown signal 691,sci-fi,A crew becomes stranded on a distant planet after their spacecraft is damaged,4.8,1987.0,crew_becomes_stranded_distant_planet_spacecraft_damaged
1756,secret hero 1756,crime,Police officers investigate a series of robberies committed by a mysterious gang,9.1,2008.0,police_officer_investigate_series_robbery_committed_mysterious_gang
1499,silent secret 1499,fantasy,A mysterious portal transports a student into a world of magic and mythical creatures,4.2,2010.0,mysterious_portal_transport_student_world_magic_mythical_creature
160,midnight secret 160,animation,Toys secretly come alive and begin an exciting adventure when humans leave,8.4,1998.0,toy_secretly_come_alive_begin_exciting_adventure_human_leave
896,electric dream 896,comedy,A man pretends to be someone else and becomes trapped in a hilarious situation,7.0,1993.0,man_pretend_someone_else_becomes_trapped_hilarious_situation
1777,final kingdom 1777,horror,A woman begins seeing frightening events after finding a mysterious object,7.2,1992.0,woman_begin_seeing_frightening_event_finding_mysterious_object
258,wild shadow 258, horror ,A journalist investigates strange disappearances connected to an abandoned building,7.1,1983.0,journalist_investigates_strange_disappearance_connected_abandoned_building
336,frozen memory 336,horror,A woman begins seeing frightening events after finding a mysterious object,3.6,1980.0,woman_begin_seeing_frightening_event_finding_mysterious_object
1040,hidden story 1040,drama,A talented student works hard to overcome personal and financial challenges,2.4,1987.0,talented_student_work_hard_overcome_personal_financial_challenge
516,unknown kingdom 516, romance ,Childhood friends reunite years later and discover feelings for each other,1.8,2003.0,childhood_friend_reunite_year_later_discover_feeling
1016,infinite city 1016,fantasy,A prince must recover a powerful magical object before it falls into evil hands,6.1,2013.0,prince_must_recover_powerful_magical_object_fall_evil_hand
769,dark hero 769,fantasy,An ancient prophecy sends unlikely heroes on a dangerous magical journey,6.8,1984.0,ancient_prophecy_sends_unlikely_hero_dangerous_magical_journey
1884,electric signal 1884,romance,A young couple struggles to keep their relationship alive while pursuing their dreams,3.2,1994.0,young_couple_struggle_keep_relationship_alive_pursuing_dream
762,wild world 762,animation,A curious child befriends a magical creature and explores a hidden kingdom,2.4,1994.0,curious_child_befriends_magical_creature_explores_hidden_kingdom
1204,burning journey 1204, fantasy ,A mysterious portal transports a student into a world of magic and mythical creatures,4.6,2025.0,mysterious_portal_transport_student_world_magic_mythical_creature
1697,lost memory 1697,animation,A young hero enters a magical world and discovers an unexpected power,1.7,1987.0,young_hero_enters_magical_world_discovers_unexpected_power
1124,brave road 1124,sci-fi,A mysterious signal from space leads researchers to an unknown alien civilization,4.5,2014.0,mysterious_signal_space_lead_researcher_unknown_alien_civilization
357,unknown road 357,crime,POLICE OFFICERS INVESTIGATE A SERIES OF ROBBERIES COMMITTED BY A MYSTERIOUS GANG !!! @#$,7.9,2025.0,police_officer_investigate_series_robbery_committed_mysterious_gang
1313,midnight storm 1313,horror,A family moves into an old house and discovers a terrifying supernatural presence,2.0,1995.0,family_move_old_house_discovers_terrifying_supernatural_presence
1815,wild city 1815,crime,A young man becomes involved with a criminal organization and struggles to escape,4.6,1983.0,young_man_becomes_involved_criminal_organization_struggle_escape
341,infinite warrior 341,animation,An unlikely group of animated heroes works together to protect their city 4261 ###,9.5,1989.0,unlikely_group_animated_hero_work_together_protect_city
432,last signal 432,animation,A curious child befriends a magical creature and explores a hidden kingdom,5.1,1995.0,curious_child_befriends_magical_creature_explores_hidden_kingdom
474,hidden night 474,drama,Two brothers confront their troubled past after returning to their hometown,9.3,1985.0,two_brother_confront_troubled_past_returning_hometown
218,secret signal 218,adventure,A young traveler begins a dangerous journey across mountains and forests,7.2,2010.0,young_traveler_begin_dangerous_journey_across_mountain_forest
912,wild kingdom 912,crime,   A detective investigates a complicated murder connected to organized crime   ,6.6,2003.0,detective_investigates_complicated_murder_connected_organized_crime
1228,lonely dream 1228,crime,A criminal mastermind plans a risky robbery while detectives follow his movements,5.1,1984.0,criminal_mastermind_plan_risky_robbery_detective_follow_movement
1718,infinite journey 1718,crime,A criminal mastermind plans a risky robbery while detectives follow his movements,5.5,1990.0,criminal_mastermind_plan_risky_robbery_detective_follow_movement
958,lonely empire 958,horror,Visitors to an isolated village discover a dark secret hidden by the residents,7.6,1989.0,visitor_isolated_village_discover_dark_secret_hidden_resident
1009,infinite journey 1009,fantasy,A young warrior discovers magical powers and must protect an ancient kingdom,7.9,2000.0,young_warrior_discovers_magical_power_must_protect_ancient_kingdom
1071,frozen city 1071,romance,A YOUNG COUPLE STRUGGLES TO KEEP THEIR RELATIONSHIP ALIVE WHILE PURSUING THEIR DREAMS !!! @#$,6.0,2003.0,young_couple_struggle_keep_relationship_alive_pursuing_dream
1093,broken adventure 1093,animation,A young hero enters a magical world and discovers an unexpected power,2.9,2026.0,young_hero_enters_magical_world_discovers_unexpected_power
1707,dark signal 1707,horror,A group of friends becomes trapped in a forest where something mysterious follows them,7.1,2006.0,group_friend_becomes_trapped_forest_something_mysterious_follows
1309,ancient warrior 1309,drama,TWO BROTHERS CONFRONT THEIR TROUBLED PAST AFTER RETURNING TO THEIR HOMETOWN !!! @#$,8.9,1986.0,two_brother_confront_troubled_past_returning_hometown
697,ancient storm 697,action,A POLICE OFFICER UNCOVERS A CONSPIRACY WHILE CHASING AN INTERNATIONAL CRIMINAL !!! @#$,8.2,2023.0,police_officer_uncovers_conspiracy_chasing_international_criminal
1936,burning dream 1936,romance,A young couple struggles to keep their relationship alive while pursuing their dreams,3.0,2003.0,young_couple_struggle_keep_relationship_alive_pursuing_dream
997,final heart 997,fantasy,A prince must recover a powerful magical object before it falls into evil hands,4.4,1990.0,prince_must_recover_powerful_magical_object_fall_evil_hand
1459,dark world 1459,drama,Two brothers confront their troubled past after returning to their hometown,9.7,2019.0,two_brother_confront_troubled_past_returning_hometown
154,unknown adventure 154,romance,A musician falls in love with an artist while both struggle with their careers,2.1,2020.0,musician_fall_love_artist_struggle_career
1100,wild adventure 1100,fantasy,A group of heroes travels through a magical land to defeat an evil ruler,7.6,2017.0,group_hero_travel_magical_land_defeat_evil_ruler
790,secret storm 790,horror,Visitors to an isolated village discover a dark secret hidden by the residents,6.1,2004.0,visitor_isolated_village_discover_dark_secret_hidden_resident
581,lonely world 581,comedy,A family vacation turns into a collection of ridiculous and embarrassing situations,8.0,2002.0,family_vacation_turn_collection_ridiculous_embarrassing_situation
1471,final world 1471,animation,A group of talking animals works together to save their home from danger,5.2,1992.0,group_talking_animal_work_together_save_home_danger
704,dark world 704,fantasy,A group of heroes travels through a magical land to defeat an evil ruler,5.6,2010.0,group_hero_travel_magical_land_defeat_evil_ruler
1213,unknown empire 1213,fantasy,A prince must recover a powerful magical object before it falls into evil hands,7.7,1994.0,prince_must_recover_powerful_magical_object_fall_evil_hand
1296,broken dream 1296,romance,Two people from different backgrounds begin a complicated romantic relationship,7.6,1987.0,two_people_different_background_begin_complicated_romantic_relationship
1796,hidden storm 1796,action,A police officer uncovers a conspiracy while chasing an international criminal,9.6,1997.0,police_officer_uncovers_conspiracy_chasing_international_criminal
1261,lost journey 1261,crime,A criminal mastermind plans a risky robbery while detectives follow his movements,8.9,1987.0,criminal_mastermind_plan_risky_robbery_detective_follow_movement
488,hidden road 488,adventure,Explorers enter an unknown island filled with dangerous creatures and hidden secrets,1.6,2003.0,explorer_enter_unknown_island_filled_dangerous_creature_hidden_secret
560,secret mission 560,romance,Two strangers meet unexpectedly and slowly fall in love despite their differences,9.3,2013.0,two_stranger_meet_unexpectedly_slowly_fall_love_despite_difference
1142,crimson kingdom 1142,sci-fi,A mysterious signal from space leads researchers to an unknown alien civilization,6.5,1985.0,mysterious_signal_space_lead_researcher_unknown_alien_civilization
1120,infinite hero 1120,action,A superhero battles villains who threaten to destroy the world,1.7,2009.0,superhero_battle_villain_threaten_destroy_world
802,final road 802,drama,Two brothers confront their troubled past after returning to their hometown,6.4,2017.0,two_brother_confront_troubled_past_returning_hometown
513,brave empire 513,romance,   Childhood friends reunite years later and discover feelings for each other   ,9.0,1983.0,childhood_friend_reunite_year_later_discover_feeling
634,wild city 634,horror,Visitors to an isolated village discover a dark secret hidden by the residents,6.5,2024.0,visitor_isolated_village_discover_dark_secret_hidden_resident
1931,last story 1931,comedy,Two roommates experience a series of funny misunderstandings and unexpected events,7.4,2002.0,two_roommate_experience_series_funny_misunderstanding_unexpected_event
1930,frozen story 1930,drama,A businessman reevaluates his life after experiencing a major personal loss,8.0,2010.0,businessman_reevaluates_life_experiencing_major_personal_loss
1666,last secret 1666,animation,TOYS SECRETLY COME ALIVE AND BEGIN AN EXCITING ADVENTURE WHEN HUMANS LEAVE !!! @#$,3.5,1992.0,toy_secretly_come_alive_begin_exciting_adventure_human_leave
1151,broken dream 1151,adventure,Explorers enter an unknown island filled with dangerous creatures and hidden secrets,3.1,1995.0,explorer_enter_unknown_island_filled_dangerous_creature_hidden_secret
791,infinite storm 791,animation,A group of talking animals works together to save their home from danger,5.6,2004.0,group_talking_animal_work_together_save_home_danger
117,midnight world 117,animation,A curious child befriends a magical creature and explores a hidden kingdom,8.7,1991.0,curious_child_befriends_magical_creature_explores_hidden_kingdom
1498,lost memory 1498,action,A skilled agent fights a dangerous criminal organization to protect the city,6.3,1992.0,skilled_agent_fight_dangerous_criminal_organization_protect_city
741,lonely story 741,horror,   A group of friends becomes trapped in a forest where something mysterious follows them   ,2.4,1996.0,group_friend_becomes_trapped_forest_something_mysterious_follows
1824,infinite night 1824,sci-fi,   A mysterious signal from space leads researchers to an unknown alien civilization   ,5.5,2000.0,mysterious_signal_space_lead_researcher_unknown_alien_civilization
1082,unknown memory 1082,fantasy,A young warrior discovers magical powers and must protect an ancient kingdom,9.1,2014.0,young_warrior_discovers_magical_power_must_protect_ancient_kingdom
831,infinite signal 831,fantasy,A mysterious portal transports a student into a world of magic and mythical creatures,3.0,1992.0,mysterious_portal_transport_student_world_magic_mythical_creature
120,ancient empire 120,comedy,A man pretends to be someone else and becomes trapped in a hilarious situation,7.8,2024.0,man_pretend_someone_else_becomes_trapped_hilarious_situation
657,lost empire 657,romance,Childhood friends reunite years later and discover feelings for each other,3.3,3025.0,childhood_friend_reunite_year_later_discover_feeling
636,   secret signal 636   ,drama,A family struggles with relationships and difficult choices after an unexpected event,4.0,1999.0,family_struggle_relationship_difficult_choice_unexpected_event
269,crimson night 269,drama,Two brothers confront their troubled past after returning to their hometown,3.1,1995.0,two_brother_confront_troubled_past_returning_hometown
656,dark memory 656,comedy,A family vacation turns into a collection of ridiculous and embarrassing situations,6.9,2023.0,family_vacation_turn_collection_ridiculous_embarrassing_situation
936,infinite storm 936,horror,A group of friends becomes trapped in a forest where something mysterious follows them,3.1,1999.0,group_friend_becomes_trapped_forest_something_mysterious_follows
823,last memory 823,adventure,A group of explorers searches for a legendary treasure hidden in an ancient land,7.5,2005.0,group_explorer_search_legendary_treasure_hidden_ancient_land
867,unknown story 867,adventure,FRIENDS FOLLOW AN ANCIENT MAP THAT LEADS THEM ON AN UNEXPECTED ADVENTURE !!! @#$,6.8,1997.0,friend_follow_ancient_map_lead_unexpected_adventure
1374,silent road 1374,drama,Two brothers confront their troubled past after returning to their hometown,8.6,2014.0,two_brother_confront_troubled_past_returning_hometown
1898,secret story 1898,romance,A musician falls in love with an artist while both struggle with their careers,2.8,3025.0,musician_fall_love_artist_struggle_career
992,last secret 992,drama,A family struggles with relationships and difficult choices after an unexpected event 9952 ###,2.6,2017.0,family_struggle_relationship_difficult_choice_unexpected_event
877,crimson adventure 877,fantasy,A prince must recover a powerful magical object before it falls into evil hands,4.9,2020.0,prince_must_recover_powerful_magical_object_fall_evil_hand
774,silent storm 774, fantasy ,A prince must recover a powerful magical object before it falls into evil hands,4.3,2000.0,prince_must_recover_powerful_magical_object_fall_evil_hand
1220,infinite kingdom 1220,romance,Two strangers meet unexpectedly and slowly fall in love despite their differences,1.9,2006.0,two_stranger_meet_unexpectedly_slowly_fall_love_despite_difference
5,ancient warrior 5,romance,Childhood friends reunite years later and discover feelings for each other,2.4,2001.0,childhood_friend_reunite_year_later_discover_feeling
1004,broken hero 1004,sci-fi,A crew becomes stranded on a distant planet after their spacecraft is damaged,6.6,2015.0,crew_becomes_stranded_distant_planet_spacecraft_damaged
1799,midnight city 1799,fantasy,A group of heroes travels through a magical land to defeat an evil ruler,4.4,2015.0,group_hero_travel_magical_land_defeat_evil_ruler
1859,hidden shadow 1859,adventure,Explorers enter an unknown island filled with dangerous creatures and hidden secrets,5.7,1980.0,explorer_enter_unknown_island_filled_dangerous_creature_hidden_secret
264,unknown kingdom 264,adventure,A young traveler begins a dangerous journey across mountains and forests,4.1,2011.0,young_traveler_begin_dangerous_journey_across_mountain_forest
1691,silent memory 1691,comedy,   A man pretends to be someone else and becomes trapped in a hilarious situation   ,2.9,2002.0,man_pretend_someone_else_becomes_trapped_hilarious_situation
1003,electric shadow 1003,drama,TWO BROTHERS CONFRONT THEIR TROUBLED PAST AFTER RETURNING TO THEIR HOMETOWN !!! @#$,5.5440406976744185,2018.0,two_brother_confront_troubled_past_returning_hometown
1078,dark journey 1078,adventure,Friends follow an ancient map that leads them on an unexpected adventure,5.3,2003.0,friend_follow_ancient_map_lead_unexpected_adventure
838,ancient signal 838,adventure,Friends follow an ancient map that leads them on an unexpected adventure,5.8,2024.0,friend_follow_ancient_map_lead_unexpected_adventure
1933,golden world 1933,sci-fi,A scientist builds an intelligent robot that begins to understand human emotions,5.2,2004.0,scientist_build_intelligent_robot_begin_understand_human_emotion
305,infinite signal 305,drama,Two brothers confront their troubled past after returning to their hometown,4.3,2016.0,two_brother_confront_troubled_past_returning_hometown
1366,final kingdom 1366,drama,Two brothers confront their troubled past after returning to their hometown,1.4,2006.0,two_brother_confront_troubled_past_returning_hometown
1945,secret secret 1945,fantasy,A prince must recover a powerful magical object before it falls into evil hands,5.4,2007.0,prince_must_recover_powerful_magical_object_fall_evil_hand
314,electric hero 314,adventure,A young traveler begins a dangerous journey across mountains and forests,6.5,1985.0,young_traveler_begin_dangerous_journey_across_mountain_forest
150,lonely journey 150,animation,A curious child befriends a magical creature and explores a hidden kingdom,1.8,1996.0,curious_child_befriends_magical_creature_explores_hidden_kingdom
1149,final world 1149,romance,A musician falls in love with an artist while both struggle with their careers,5.6,1984.0,musician_fall_love_artist_struggle_career
1214,lost city 1214,sci-fi,A crew becomes stranded on a distant planet after their spacecraft is damaged,3.7,2020.0,crew_becomes_stranded_distant_planet_spacecraft_damaged
51,electric warrior 51,horror,A FAMILY MOVES INTO AN OLD HOUSE AND DISCOVERS A TERRIFYING SUPERNATURAL PRESENCE !!! @#$,1.1,2019.0,family_move_old_house_discovers_terrifying_supernatural_presence
1674,frozen night 1674,animation,An unlikely group of animated heroes works together to protect their city 7150 ###,9.6,2021.0,unlikely_group_animated_hero_work_together_protect_city
727,crimson night 727,comedy,Two roommates experience a series of funny misunderstandings and unexpected events,9.3,1988.0,two_roommate_experience_series_funny_misunderstanding_unexpected_event
834,burning story 834,action,A warrior seeks revenge after his family is attacked by a ruthless gang,8.3,2016.0,warrior_seek_revenge_family_attacked_ruthless_gang
1378,   brave heart 1378   ,horror,A family moves into an old house and discovers a terrifying supernatural presence,4.0,1986.0,family_move_old_house_discovers_terrifying_supernatural_presence
1116,brave world 1116,animation,An unlikely group of animated heroes works together to protect their city 8833 ###,7.4,2011.0,unlikely_group_animated_hero_work_together_protect_city
1167,brave world 1167,fantasy,An ancient prophecy sends unlikely heroes on a dangerous magical journey,5.2,1988.0,ancient_prophecy_sends_unlikely_hero_dangerous_magical_journey
471,hidden world 471,animation,A group of talking animals works together to save their home from danger,3.3,2012.0,group_talking_animal_work_together_save_home_danger
972,silent storm 972,comedy,A man pretends to be someone else and becomes trapped in a hilarious situation,7.2,1992.0,man_pretend_someone_else_becomes_trapped_hilarious_situation
654,frozen mission 654,action,A superhero battles villains who threaten to destroy the world,9.9,2020.0,superhero_battle_villain_threaten_destroy_world
400,dark road 400,fantasy,A young warrior discovers magical powers and must protect an ancient kingdom,4.6,1994.0,young_warrior_discovers_magical_power_must_protect_ancient_kingdom
512,secret warrior 512,drama,A businessman reevaluates his life after experiencing a major personal loss,4.0,2016.0,businessman_reevaluates_life_experiencing_major_personal_loss
321,lonely story 321,comedy,An unlucky employee creates chaos while trying to impress a new manager,6.6,2019.0,unlucky_employee_creates_chaos_trying_impress_new_manager
20,crimson adventure 20,animation,An unlikely group of animated heroes works together to protect their city,3.3,2015.0,unlikely_group_animated_hero_work_together_protect_city
685,golden memory 685,drama,A talented student works hard to overcome personal and financial challenges,8.0,2013.0,talented_student_work_hard_overcome_personal_financial_challenge
36,hidden shadow 36,action,A superhero battles villains who threaten to destroy the world,4.8,2009.0,superhero_battle_villain_threaten_destroy_world
903,final empire 903, comedy ,A group of friends gets into hilarious trouble during a weekend trip,7.2,2001.0,group_friend_get_hilarious_trouble_weekend_trip
1920,infinite heart 1920,adventure,A group of explorers searches for a legendary treasure hidden in an ancient land,6.0,2000.0,group_explorer_search_legendary_treasure_hidden_ancient_land
1941,electric signal 1941,crime,Police officers investigate a series of robberies committed by a mysterious gang,2.1,2015.0,police_officer_investigate_series_robbery_committed_mysterious_gang
408,silent adventure 408,horror,A FAMILY MOVES INTO AN OLD HOUSE AND DISCOVERS A TERRIFYING SUPERNATURAL PRESENCE !!! @#$,6.1,2006.0,family_move_old_house_discovers_terrifying_supernatural_presence
921,lonely shadow 921,adventure,Explorers enter an unknown island filled with dangerous creatures and hidden secrets,8.1,1983.0,explorer_enter_unknown_island_filled_dangerous_creature_hidden_secret
538,lonely warrior 538,romance,A musician falls in love with an artist while both struggle with their careers,6.3,2021.0,musician_fall_love_artist_struggle_career
1063,silent city 1063,sci-fi,A mysterious signal from space leads researchers to an unknown alien civilization,5.8,2004.0,mysterious_signal_space_lead_researcher_unknown_alien_civilization
1200,infinite mission 1200,drama,A businessman reevaluates his life after experiencing a major personal loss,1.5,2021.0,businessman_reevaluates_life_experiencing_major_personal_loss
246,infinite city 246,adventure,A young traveler begins a dangerous journey across mountains and forests,1.9,1996.0,young_traveler_begin_dangerous_journey_across_mountain_forest
1417,electric night 1417,action,A warrior seeks revenge after his family is attacked by a ruthless gang,7.6,2009.0,warrior_seek_revenge_family_attacked_ruthless_gang
785,burning city 785,romance,A musician falls in love with an artist while both struggle with their careers,2.4,2016.0,musician_fall_love_artist_struggle_career
1879,wild warrior 1879,romance,Two people from different backgrounds begin a complicated romantic relationship,2.4,1994.0,two_people_different_background_begin_complicated_romantic_relationship
490,final empire 490,animation,An unlikely group of animated heroes works together to protect their city,7.2,2021.0,unlikely_group_animated_hero_work_together_protect_city
155,broken kingdom 155,fantasy,A mysterious portal transports a student into a world of magic and mythical creatures 7684 ###,6.0,2015.0,mysterious_portal_transport_student_world_magic_mythical_creature
1663,golden road 1663,romance,Two strangers meet unexpectedly and slowly fall in love despite their differences,9.3,1991.0,two_stranger_meet_unexpectedly_slowly_fall_love_despite_difference
854,electric kingdom 854,horror,Visitors to an isolated village discover a dark secret hidden by the residents,1.6,2016.0,visitor_isolated_village_discover_dark_secret_hidden_resident
1312,electric city 1312,romance,Two strangers meet unexpectedly and slowly fall in love despite their differences,4.6,2020.0,two_stranger_meet_unexpectedly_slowly_fall_love_despite_difference
626,golden city 626,comedy,A group of friends gets into hilarious trouble during a weekend trip,4.8,2023.0,group_friend_get_hilarious_trouble_weekend_trip
686,infinite shadow 686,comedy,Two roommates experience a series of funny misunderstandings and unexpected events,2.4,2015.0,two_roommate_experience_series_funny_misunderstanding_unexpected_event
1785,secret hero 1785,crime,A DETECTIVE INVESTIGATES A COMPLICATED MURDER CONNECTED TO ORGANIZED CRIME !!! @#$,1.2,1982.0,detective_investigates_complicated_murder_connected_organized_crime
570,secret kingdom 570,horror,   A family moves into an old house and discovers a terrifying supernatural presence   ,9.6,2008.0,family_move_old_house_discovers_terrifying_supernatural_presence
566,midnight shadow 566,drama,A family struggles with relationships and difficult choices after an unexpected event,5.8,1993.0,family_struggle_relationship_difficult_choice_unexpected_event
18,broken city 18,adventure,Friends follow an ancient map that leads them on an unexpected adventure,5.4,1983.0,friend_follow_ancient_map_lead_unexpected_adventure
128,silent story 128,crime,A detective investigates a complicated murder connected to organized crime,9.8,2015.0,detective_investigates_complicated_murder_connected_organized_crime
1347,silent world 1347,adventure,A group of explorers searches for a legendary treasure hidden in an ancient land,5.1,2025.0,group_explorer_search_legendary_treasure_hidden_ancient_land
1280,brave dream 1280,action,A warrior seeks revenge after his family is attacked by a ruthless gang,4.0,1984.0,warrior_seek_revenge_family_attacked_ruthless_gang
981,final heart 981,adventure,A captain leads a crew across the ocean in search of a lost kingdom,5.3,1990.0,captain_lead_crew_across_ocean_search_lost_kingdom
191,lonely dream 191,horror,A woman begins seeing frightening events after finding a mysterious object,4.3,2023.0,woman_begin_seeing_frightening_event_finding_mysterious_object
1140,frozen city 1140,animation,   A young hero enters a magical world and discovers an unexpected power   ,2.3,1997.0,young_hero_enters_magical_world_discovers_unexpected_power
993,wild shadow 993,romance,Childhood friends reunite years later and discover feelings for each other,5.1,1991.0,childhood_friend_reunite_year_later_discover_feeling
700,dark mission 700,drama,A businessman reevaluates his life after experiencing a major personal loss,6.9,1980.0,businessman_reevaluates_life_experiencing_major_personal_loss
607,lost warrior 607,horror,A journalist investigates strange disappearances connected to an abandoned building,9.6,1984.0,journalist_investigates_strange_disappearance_connected_abandoned_building
181,brave night 181,adventure,Explorers enter an unknown island filled with dangerous creatures and hidden secrets,1.2,2022.0,explorer_enter_unknown_island_filled_dangerous_creature_hidden_secret
302,infinite secret 302,animation,A young hero enters a magical world and discovers an unexpected power,9.6,1989.0,young_hero_enters_magical_world_discovers_unexpected_power
1830,electric city 1830,adventure,Explorers enter an unknown island filled with dangerous creatures and hidden secrets,0.8,2019.0,explorer_enter_unknown_island_filled_dangerous_creature_hidden_secret
1844,infinite adventure 1844,action,A police officer uncovers a conspiracy while chasing an international criminal,6.8,2009.0,police_officer_uncovers_conspiracy_chasing_international_criminal
1791,last journey 1791,adventure,Friends follow an ancient map that leads them on an unexpected adventure,2.4,2007.0,friend_follow_ancient_map_lead_unexpected_adventure
1765,secret hero 1765,horror,A family moves into an old house and discovers a terrifying supernatural presence,2.5,1982.0,family_move_old_house_discovers_terrifying_supernatural_presence
1397,dark secret 1397,crime,A detective investigates a complicated murder connected to organized crime,2.5,1987.0,detective_investigates_complicated_murder_connected_organized_crime
1070,wild heart 1070,animation,A curious child befriends a magical creature and explores a hidden kingdom,5.9,2022.0,curious_child_befriends_magical_creature_explores_hidden_kingdom
477,   midnight mission 477   ,drama,A businessman reevaluates his life after experiencing a major personal loss,1.4,2025.0,businessman_reevaluates_life_experiencing_major_personal_loss
158,frozen road 158,drama,Two brothers confront their troubled past after returning to their hometown,6.0,2004.0,two_brother_confront_troubled_past_returning_hometown
1244,hidden warrior 1244,animation,A group of talking animals works together to save their home from danger,5.2,2013.0,group_talking_animal_work_together_save_home_danger
17,secret storm 17,crime,A CRIMINAL MASTERMIND PLANS A RISKY ROBBERY WHILE DETECTIVES FOLLOW HIS MOVEMENTS !!! @#$,9.1,2005.0,criminal_mastermind_plan_risky_robbery_detective_follow_movement
1536,lonely planet 1536,sci-fi,A crew becomes stranded on a distant planet after their spacecraft is damaged,2.8,2001.0,crew_becomes_stranded_distant_planet_spacecraft_damaged
547,brave dream 547,action,A former soldier returns to rescue civilians from a powerful enemy,7.7,1980.0,former_soldier_return_rescue_civilian_powerful_enemy
1540,wild road 1540,romance,A young couple struggles to keep their relationship alive while pursuing their dreams,7.5,1993.0,young_couple_struggle_keep_relationship_alive_pursuing_dream
659,lonely empire 659,comedy,Two roommates experience a series of funny misunderstandings and unexpected events,5.6,1990.0,two_roommate_experience_series_funny_misunderstanding_unexpected_event
1020,golden world 1020,crime,A YOUNG MAN BECOMES INVOLVED WITH A CRIMINAL ORGANIZATION AND STRUGGLES TO ESCAPE !!! @#$,7.2,1996.0,young_man_becomes_involved_criminal_organization_struggle_escape
1792,midnight memory 1792,crime,A young man becomes involved with a criminal organization and struggles to escape,7.1,1989.0,young_man_becomes_involved_criminal_organization_struggle_escape
1505,ancient signal 1505, sci-fi ,A scientist builds an intelligent robot that begins to understand human emotions,9.8,2020.0,scientist_build_intelligent_robot_begin_understand_human_emotion
960,unknown planet 960,sci-fi,Humans use advanced technology to travel through time and change the future,3.4,2009.0,human_use_advanced_technology_travel_time_change_future
798,final city 798,fantasy,   A prince must recover a powerful magical object before it falls into evil hands   ,1.4,2016.0,prince_must_recover_powerful_magical_object_fall_evil_hand
1750,silent warrior 1750,crime,Police officers investigate a series of robberies committed by a mysterious gang,7.7,2003.0,police_officer_investigate_series_robbery_committed_mysterious_gang
226,lost memory 226,crime,Police officers investigate a series of robberies committed by a mysterious gang,1.3,1997.0,police_officer_investigate_series_robbery_committed_mysterious_gang
27,last empire 27,action,A skilled agent fights a dangerous criminal organization to protect the city,9.8,2014.0,skilled_agent_fight_dangerous_criminal_organization_protect_city
1912,golden dream 1912,crime,An investigator uncovers corruption involving powerful people in the city,3.5,2018.0,investigator_uncovers_corruption_involving_powerful_people_city
438,lonely storm 438,horror,A family moves into an old house and discovers a terrifying supernatural presence,2.6,2020.0,family_move_old_house_discovers_terrifying_supernatural_presence
1389,frozen dream 1389,fantasy,An ancient prophecy sends unlikely heroes on a dangerous magical journey,9.5,2011.0,ancient_prophecy_sends_unlikely_hero_dangerous_magical_journey
38,golden planet 38,comedy,   A man pretends to be someone else and becomes trapped in a hilarious situation   ,5.0,2007.0,man_pretend_someone_else_becomes_trapped_hilarious_situation
1694,silent hero 1694,animation,A young hero enters a magical world and discovers an unexpected power,1.6,2026.0,young_hero_enters_magical_world_discovers_unexpected_power
750,hidden heart 750,animation,Toys secretly come alive and begin an exciting adventure when humans leave,5.9,1998.0,toy_secretly_come_alive_begin_exciting_adventure_human_leave
1046,crimson storm 1046,romance,A musician falls in love with an artist while both struggle with their careers,6.5,1999.0,musician_fall_love_artist_struggle_career
1399,hidden city 1399,drama,A businessman reevaluates his life after experiencing a major personal loss,4.0,1988.0,businessman_reevaluates_life_experiencing_major_personal_loss
1826,silent world 1826,crime,An investigator uncovers corruption involving powerful people in the city,8.2,2010.0,investigator_uncovers_corruption_involving_powerful_people_city
688,hidden storm 688, action ,A police officer uncovers a conspiracy while chasing an international criminal,2.3,1985.0,police_officer_uncovers_conspiracy_chasing_international_criminal
1992,frozen memory 1992,sci-fi,A scientist builds an intelligent robot that begins to understand human emotions,2.0,1980.0,scientist_build_intelligent_robot_begin_understand_human_emotion
640,burning signal 640,drama,A family struggles with relationships and difficult choices after an unexpected event,5.6,1990.0,family_struggle_relationship_difficult_choice_unexpected_event
1847,frozen planet 1847,fantasy,An ancient prophecy sends unlikely heroes on a dangerous magical journey,2.0,2009.0,ancient_prophecy_sends_unlikely_hero_dangerous_magical_journey
1159,last shadow 1159,comedy,   A man pretends to be someone else and becomes trapped in a hilarious situation   ,2.1,1993.0,man_pretend_someone_else_becomes_trapped_hilarious_situation
1416,burning signal 1416,horror,A family moves into an old house and discovers a terrifying supernatural presence,5.5440406976744185,2021.0,family_move_old_house_discovers_terrifying_supernatural_presence
1528,wild planet 1528,comedy,Two roommates experience a series of funny misunderstandings and unexpected events,4.8,2004.0,two_roommate_experience_series_funny_misunderstanding_unexpected_event
1784,unknown warrior 1784,romance,A musician falls in love with an artist while both struggle with their careers,2.4,1983.0,musician_fall_love_artist_struggle_career
1301,frozen hero 1301,sci-fi,A crew becomes stranded on a distant planet after their spacecraft is damaged,7.3,1987.0,crew_becomes_stranded_distant_planet_spacecraft_damaged
1969,electric city 1969,romance,Two people from different backgrounds begin a complicated romantic relationship,9.7,2019.0,two_people_different_background_begin_complicated_romantic_relationship
801,last planet 801,horror,A woman begins seeing frightening events after finding a mysterious object,6.5,2010.0,woman_begin_seeing_frightening_event_finding_mysterious_object
1604,broken night 1604,fantasy,A mysterious portal transports a student into a world of magic and mythical creatures,6.2,2020.0,mysterious_portal_transport_student_world_magic_mythical_creature
1705,lonely memory 1705,crime,A criminal mastermind plans a risky robbery while detectives follow his movements 5244 ###,5.3,1988.0,criminal_mastermind_plan_risky_robbery_detective_follow_movement
1744,midnight shadow 1744,comedy,A family vacation turns into a collection of ridiculous and embarrassing situations,1.6,2007.0,family_vacation_turn_collection_ridiculous_embarrassing_situation
1187,unknown storm 1187,drama,A talented student works hard to overcome personal and financial challenges,9.1,1999.0,talented_student_work_hard_overcome_personal_financial_challenge
822,crimson shadow 822,drama,A family struggles with relationships and difficult choices after an unexpected event,1.6,1994.0,family_struggle_relationship_difficult_choice_unexpected_event
1814,broken shadow 1814,horror,A group of friends becomes trapped in a forest where something mysterious follows them,3.4,1985.0,group_friend_becomes_trapped_forest_something_mysterious_follows
878,unknown signal 878,crime,A criminal mastermind plans a risky robbery while detectives follow his movements,5.9,1985.0,criminal_mastermind_plan_risky_robbery_detective_follow_movement
914,golden secret 914,animation,A curious child befriends a magical creature and explores a hidden kingdom,7.9,1989.0,curious_child_befriends_magical_creature_explores_hidden_kingdom
153,frozen adventure 153,fantasy,A YOUNG WARRIOR DISCOVERS MAGICAL POWERS AND MUST PROTECT AN ANCIENT KINGDOM !!! @#$,2.8,2015.0,young_warrior_discovers_magical_power_must_protect_ancient_kingdom
1985,silent memory 1985,adventure,Friends follow an ancient map that leads them on an unexpected adventure,9.1,1998.0,friend_follow_ancient_map_lead_unexpected_adventure
1918,lonely secret 1918,sci-fi,A team of astronauts travels through deep space to discover a new planet for humanity,4.0,1981.0,team_astronaut_travel_deep_space_discover_new_planet_humanity
510,brave world 510,adventure,A GROUP OF EXPLORERS SEARCHES FOR A LEGENDARY TREASURE HIDDEN IN AN ANCIENT LAND !!! @#$,7.6,2009.0,group_explorer_search_legendary_treasure_hidden_ancient_land
1251,final mission 1251,action,A superhero battles villains who threaten to destroy the world,9.8,2001.0,superhero_battle_villain_threaten_destroy_world
104,broken mission 104,adventure,A group of explorers searches for a legendary treasure hidden in an ancient land,7.8,1995.0,group_explorer_search_legendary_treasure_hidden_ancient_land
1446,ancient kingdom 1446,adventure,A captain leads a crew across the ocean in search of a lost kingdom,1.2,2013.0,captain_lead_crew_across_ocean_search_lost_kingdom
1444,brave adventure 1444,comedy,   A group of friends gets into hilarious trouble during a weekend trip   ,8.3,2018.0,group_friend_get_hilarious_trouble_weekend_trip
1875,lost shadow 1875,comedy,A group of friends gets into hilarious trouble during a weekend trip,1.1,1989.0,group_friend_get_hilarious_trouble_weekend_trip
587,final kingdom 587,adventure,A young traveler begins a dangerous journey across mountains and forests,6.3,2024.0,young_traveler_begin_dangerous_journey_across_mountain_forest
1910,midnight planet 1910,sci-fi,A mysterious signal from space leads researchers to an unknown alien civilization,6.1,2000.0,mysterious_signal_space_lead_researcher_unknown_alien_civilization
1144,burning dream 1144,action,A warrior seeks revenge after his family is attacked by a ruthless gang,4.3,2014.0,warrior_seek_revenge_family_attacked_ruthless_gang
54,lonely night 54,drama,A teacher inspires struggling students while facing challenges in his own life,9.9,2021.0,teacher_inspires_struggling_student_facing_challenge_life
152,electric shadow 152,crime,   A detective investigates a complicated murder connected to organized crime   ,2.7,2003.0,detective_investigates_complicated_murder_connected_organized_crime
404,lonely storm 404,sci-fi,A scientist builds an intelligent robot that begins to understand human emotions,6.6,2007.0,scientist_build_intelligent_robot_begin_understand_human_emotion
1155,infinite story 1155,comedy,An unlucky employee creates chaos while trying to impress a new manager,4.0,1982.0,unlucky_employee_creates_chaos_trying_impress_new_manager
208,ancient secret 208,romance,Two strangers meet unexpectedly and slowly fall in love despite their differences,7.7,2010.0,two_stranger_meet_unexpectedly_slowly_fall_love_despite_difference
1683,lost hero 1683,romance,A MUSICIAN FALLS IN LOVE WITH AN ARTIST WHILE BOTH STRUGGLE WITH THEIR CAREERS !!! @#$,8.2,1987.0,musician_fall_love_artist_struggle_career
1123,last adventure 1123,drama,A talented student works hard to overcome personal and financial challenges,2.3,1992.0,talented_student_work_hard_overcome_personal_financial_challenge
1889,last empire 1889,action,A superhero battles villains who threaten to destroy the world,9.2,1993.0,superhero_battle_villain_threaten_destroy_world
9,golden mission 9,fantasy,A young warrior discovers magical powers and must protect an ancient kingdom,7.0,1998.0,young_warrior_discovers_magical_power_must_protect_ancient_kingdom
1940,lost adventure 1940,comedy,An unlucky employee creates chaos while trying to impress a new manager,3.4,2010.0,unlucky_employee_creates_chaos_trying_impress_new_manager
1061,wild warrior 1061,fantasy,An ancient prophecy sends unlikely heroes on a dangerous magical journey,6.8,1983.0,ancient_prophecy_sends_unlikely_hero_dangerous_magical_journey
453,lonely road 453,action,A warrior seeks revenge after his family is attacked by a ruthless gang,5.7,2023.0,warrior_seek_revenge_family_attacked_ruthless_gang
1676,hidden mission 1676,action,A skilled agent fights a dangerous criminal organization to protect the city,5.4,2022.0,skilled_agent_fight_dangerous_criminal_organization_protect_city
254,brave planet 254,drama,A businessman reevaluates his life after experiencing a major personal loss,6.4,2012.0,businessman_reevaluates_life_experiencing_major_personal_loss
1328,crimson story 1328,animation,A group of talking animals works together to save their home from danger,1.9,1983.0,group_talking_animal_work_together_save_home_danger
1870,hidden adventure 1870,crime,AN INVESTIGATOR UNCOVERS CORRUPTION INVOLVING POWERFUL PEOPLE IN THE CITY !!! @#$,6.2,1982.0,investigator_uncovers_corruption_involving_powerful_people_city
881,lost empire 881,crime,A criminal mastermind plans a risky robbery while detectives follow his movements,3.7,2007.0,criminal_mastermind_plan_risky_robbery_detective_follow_movement
1596,silent story 1596,adventure,   Explorers enter an unknown island filled with dangerous creatures and hidden secrets   ,6.8,1982.0,explorer_enter_unknown_island_filled_dangerous_creature_hidden_secret
624,burning storm 624,sci-fi,Humans use advanced technology to travel through time and change the future,8.2,2023.0,human_use_advanced_technology_travel_time_change_future
346,frozen storm 346,crime,Police officers investigate a series of robberies committed by a mysterious gang,5.3,1981.0,police_officer_investigate_series_robbery_committed_mysterious_gang
1788,infinite night 1788,romance,A young couple struggles to keep their relationship alive while pursuing their dreams,9.3,2023.0,young_couple_struggle_keep_relationship_alive_pursuing_dream
263,burning mission 263,romance,A musician falls in love with an artist while both struggle with their careers,5.6,1981.0,musician_fall_love_artist_struggle_career
1635,crimson shadow 1635,adventure,Explorers enter an unknown island filled with dangerous creatures and hidden secrets,4.3,2001.0,explorer_enter_unknown_island_filled_dangerous_creature_hidden_secret
1322,broken planet 1322,action,A former soldier returns to rescue civilians from a powerful enemy,9.5,1997.0,former_soldier_return_rescue_civilian_powerful_enemy
1439,dark adventure 1439,crime,Police officers investigate a series of robberies committed by a mysterious gang,6.8,1990.0,police_officer_investigate_series_robbery_committed_mysterious_gang
151,hidden heart 151,adventure,Friends follow an ancient map that leads them on an unexpected adventure,8.4,1980.0,friend_follow_ancient_map_lead_unexpected_adventure
473,electric storm 473, animation ,An unlikely group of animated heroes works together to protect their city,2.4,1981.0,unlikely_group_animated_hero_work_together_protect_city
1803,lonely empire 1803,adventure,A young traveler begins a dangerous journey across mountains and forests,9.3,1983.0,young_traveler_begin_dangerous_journey_across_mountain_forest
641,unknown secret 641,action,A police officer uncovers a conspiracy while chasing an international criminal,2.2,2013.0,police_officer_uncovers_conspiracy_chasing_international_criminal
872,hidden story 872,action,A warrior seeks revenge after his family is attacked by a ruthless gang,2.4,2021.0,warrior_seek_revenge_family_attacked_ruthless_gang
1921,crimson journey 1921,drama,TWO BROTHERS CONFRONT THEIR TROUBLED PAST AFTER RETURNING TO THEIR HOMETOWN !!! @#$,3.7,2009.0,two_brother_confront_troubled_past_returning_hometown
929,infinite shadow 929,adventure,A captain leads a crew across the ocean in search of a lost kingdom,8.4,2000.0,captain_lead_crew_across_ocean_search_lost_kingdom
489,wild shadow 489,crime,An investigator uncovers corruption involving powerful people in the city,2.2,2004.0,investigator_uncovers_corruption_involving_powerful_people_city
1735,lost road 1735,crime,A detective investigates a complicated murder connected to organized crime,7.1,2001.0,detective_investigates_complicated_murder_connected_organized_crime
1957,hidden dream 1957,romance,   Childhood friends reunite years later and discover feelings for each other   ,8.2,2001.0,childhood_friend_reunite_year_later_discover_feeling
1172,dark dream 1172,adventure,A captain leads a crew across the ocean in search of a lost kingdom,4.3,2019.0,captain_lead_crew_across_ocean_search_lost_kingdom
147,electric story 147,crime,A young man becomes involved with a criminal organization and struggles to escape,10.0,2007.0,young_man_becomes_involved_criminal_organization_struggle_escape
1839,infinite secret 1839,drama,A teacher inspires struggling students while facing challenges in his own life,9.6,2003.0,teacher_inspires_struggling_student_facing_challenge_life
1370,hidden world 1370,animation,A young hero enters a magical world and discovers an unexpected power,6.9,2009.0,young_hero_enters_magical_world_discovers_unexpected_power
403,unknown city 403,comedy,A man pretends to be someone else and becomes trapped in a hilarious situation 5508 ###,3.0,1999.0,man_pretend_someone_else_becomes_trapped_hilarious_situation
955,dark road 955,action,A warrior seeks revenge after his family is attacked by a ruthless gang,9.3,1998.0,warrior_seek_revenge_family_attacked_ruthless_gang
660,final night 660,crime,A detective investigates a complicated murder connected to organized crime,5.2,1996.0,detective_investigates_complicated_murder_connected_organized_crime
1795,midnight city 1795,romance,A musician falls in love with an artist while both struggle with their careers,5.0,2010.0,musician_fall_love_artist_struggle_career
1373,hidden world 1373,comedy,An unlucky employee creates chaos while trying to impress a new manager,8.7,1993.0,unlucky_employee_creates_chaos_trying_impress_new_manager
1350,silent planet 1350,fantasy,A young warrior discovers magical powers and must protect an ancient kingdom,8.2,1998.0,young_warrior_discovers_magical_power_must_protect_ancient_kingdom
187,lonely signal 187,romance,TWO PEOPLE FROM DIFFERENT BACKGROUNDS BEGIN A COMPLICATED ROMANTIC RELATIONSHIP !!! @#$,5.5,1997.0,two_people_different_background_begin_complicated_romantic_relationship
1148,electric journey 1148,fantasy,A young warrior discovers magical powers and must protect an ancient kingdom,7.7,2014.0,young_warrior_discovers_magical_power_must_protect_ancient_kingdom
1225,silent secret 1225,sci-fi,A crew becomes stranded on a distant planet after their spacecraft is damaged,4.4,2011.0,crew_becomes_stranded_distant_planet_spacecraft_damaged
144,crimson journey 144,action,A police officer uncovers a conspiracy while chasing an international criminal,7.6,2018.0,police_officer_uncovers_conspiracy_chasing_international_criminal
1535,secret road 1535,action,A skilled agent fights a dangerous criminal organization to protect the city,2.1,2003.0,skilled_agent_fight_dangerous_criminal_organization_protect_city
982,broken journey 982,comedy,A family vacation turns into a collection of ridiculous and embarrassing situations,7.9,1980.0,family_vacation_turn_collection_ridiculous_embarrassing_situation
198,frozen memory 198,action,A police officer uncovers a conspiracy while chasing an international criminal,9.5,1997.0,police_officer_uncovers_conspiracy_chasing_international_criminal
1634,crimson secret 1634, animation ,   Toys secretly come alive and begin an exciting adventure when humans leave   ,9.4,2010.0,toy_secretly_come_alive_begin_exciting_adventure_human_leave
884,wild road 884,animation,TOYS SECRETLY COME ALIVE AND BEGIN AN EXCITING ADVENTURE WHEN HUMANS LEAVE !!! @#$,1.7,2020.0,toy_secretly_come_alive_begin_exciting_adventure_human_leave
280,golden city 280,horror,Visitors to an isolated village discover a dark secret hidden by the residents,9.5,2018.0,visitor_isolated_village_discover_dark_secret_hidden_resident
294,infinite journey 294,horror,A journalist investigates strange disappearances connected to an abandoned building,3.5,2003.0,journalist_investigates_strange_disappearance_connected_abandoned_building
1970,final night 1970,crime,A criminal mastermind plans a risky robbery while detectives follow his movements,3.6,1998.0,criminal_mastermind_plan_risky_robbery_detective_follow_movement
401,golden journey 401,crime,A young man becomes involved with a criminal organization and struggles to escape,5.5,1998.0,young_man_becomes_involved_criminal_organization_struggle_escape
123,lonely warrior 123,animation,Toys secretly come alive and begin an exciting adventure when humans leave,7.3,1997.0,toy_secretly_come_alive_begin_exciting_adventure_human_leave
1208,silent storm 1208,animation,An unlikely group of animated heroes works together to protect their city,1.8,1993.0,unlikely_group_animated_hero_work_together_protect_city
1463,last night 1463,fantasy,   A young warrior discovers magical powers and must protect an ancient kingdom   ,4.6,1987.0,young_warrior_discovers_magical_power_must_protect_ancient_kingdom
836,electric adventure 836,adventure,   Friends follow an ancient map that leads them on an unexpected adventure   ,8.8,2010.0,friend_follow_ancient_map_lead_unexpected_adventure
247,final memory 247,comedy,   An unlucky employee creates chaos while trying to impress a new manager   ,7.8,2021.0,unlucky_employee_creates_chaos_trying_impress_new_manager
1440,brave night 1440,sci-fi,Humans use advanced technology to travel through time and change the future,6.8,2021.0,human_use_advanced_technology_travel_time_change_future
1734,hidden dream 1734,romance,TWO STRANGERS MEET UNEXPECTEDLY AND SLOWLY FALL IN LOVE DESPITE THEIR DIFFERENCES !!! @#$,2.1,2002.0,two_stranger_meet_unexpectedly_slowly_fall_love_despite_difference
1892,unknown world 1892, romance ,A young couple struggles to keep their relationship alive while pursuing their dreams,6.9,2020.0,young_couple_struggle_keep_relationship_alive_pursuing_dream
730,lonely night 730,animation,A curious child befriends a magical creature and explores a hidden kingdom,8.3,2020.0,curious_child_befriends_magical_creature_explores_hidden_kingdom
1708,final adventure 1708,drama,A businessman reevaluates his life after experiencing a major personal loss,3.6,2012.0,businessman_reevaluates_life_experiencing_major_personal_loss
1154,final heart 1154,drama,A businessman reevaluates his life after experiencing a major personal loss,2.2,2026.0,businessman_reevaluates_life_experiencing_major_personal_loss
1662,unknown heart 1662,drama,A family struggles with relationships and difficult choices after an unexpected event,9.8,2001.0,family_struggle_relationship_difficult_choice_unexpected_event
1427,silent secret 1427,drama,A teacher inspires struggling students while facing challenges in his own life,2.1,1993.0,teacher_inspires_struggling_student_facing_challenge_life
385,lonely city 385,fantasy,A group of heroes travels through a magical land to defeat an evil ruler,4.0,2013.0,group_hero_travel_magical_land_defeat_evil_ruler
1899,unknown adventure 1899,crime,A criminal mastermind plans a risky robbery while detectives follow his movements,4.9,2005.0,criminal_mastermind_plan_risky_robbery_detective_follow_movement
1760,wild empire 1760,comedy,A man pretends to be someone else and becomes trapped in a hilarious situation,8.8,1984.0,man_pretend_someone_else_becomes_trapped_hilarious_situation
855,secret road 855,action,   A warrior seeks revenge after his family is attacked by a ruthless gang   ,4.9,2004.0,warrior_seek_revenge_family_attacked_ruthless_gang
1590,   frozen mission 1590   ,adventure,Explorers enter an unknown island filled with dangerous creatures and hidden secrets,1.2,2017.0,explorer_enter_unknown_island_filled_dangerous_creature_hidden_secret
220,dark storm 220,crime,An investigator uncovers corruption involving powerful people in the city,6.1,2022.0,investigator_uncovers_corruption_involving_powerful_people_city
642,lost kingdom 642,fantasy,A group of heroes travels through a magical land to defeat an evil ruler,8.9,1992.0,group_hero_travel_magical_land_defeat_evil_ruler
2,last storm 2,crime,A criminal mastermind plans a risky robbery while detectives follow his movements,1.3,1985.0,criminal_mastermind_plan_risky_robbery_detective_follow_movement
113,infinite adventure 113,animation,A young hero enters a magical world and discovers an unexpected power,4.9,2026.0,young_hero_enters_magical_world_discovers_unexpected_power
699,silent empire 699,sci-fi,A mysterious signal from space leads researchers to an unknown alien civilization,2.0,2006.0,mysterious_signal_space_lead_researcher_unknown_alien_civilization
1105,crimson dream 1105,comedy,A GROUP OF FRIENDS GETS INTO HILARIOUS TROUBLE DURING A WEEKEND TRIP !!! @#$,1.8,2018.0,group_friend_get_hilarious_trouble_weekend_trip
952,infinite memory 952,adventure,A GROUP OF EXPLORERS SEARCHES FOR A LEGENDARY TREASURE HIDDEN IN AN ANCIENT LAND !!! @#$,7.9,1990.0,group_explorer_search_legendary_treasure_hidden_ancient_land
1649,secret road 1649,animation,TOYS SECRETLY COME ALIVE AND BEGIN AN EXCITING ADVENTURE WHEN HUMANS LEAVE !!! @#$,7.0,2022.0,toy_secretly_come_alive_begin_exciting_adventure_human_leave
1637,midnight dream 1637,adventure,A group of explorers searches for a legendary treasure hidden in an ancient land,5.1,2024.0,group_explorer_search_legendary_treasure_hidden_ancient_land
1411,golden night 1411,animation,A GROUP OF TALKING ANIMALS WORKS TOGETHER TO SAVE THEIR HOME FROM DANGER !!! @#$,1.3,2001.0,group_talking_animal_work_together_save_home_danger
1831,dark heart 1831,animation,A young hero enters a magical world and discovers an unexpected power,2.9,2019.0,young_hero_enters_magical_world_discovers_unexpected_power
1534,last night 1534,adventure,Friends follow an ancient map that leads them on an unexpected adventure,5.5440406976744185,2021.0,friend_follow_ancient_map_lead_unexpected_adventure
1292,golden kingdom 1292,sci-fi,A CREW BECOMES STRANDED ON A DISTANT PLANET AFTER THEIR SPACECRAFT IS DAMAGED !!! @#$,2.2,1996.0,crew_becomes_stranded_distant_planet_spacecraft_damaged
1954,final world 1954,action,A warrior seeks revenge after his family is attacked by a ruthless gang,4.2,2010.0,warrior_seek_revenge_family_attacked_ruthless_gang
442,burning signal 442,action,A SKILLED AGENT FIGHTS A DANGEROUS CRIMINAL ORGANIZATION TO PROTECT THE CITY !!! @#$,1.9,1994.0,skilled_agent_fight_dangerous_criminal_organization_protect_city
1521,dark memory 1521,comedy,A man pretends to be someone else and becomes trapped in a hilarious situation,2.7,2014.0,man_pretend_someone_else_becomes_trapped_hilarious_situation
1854,ancient warrior 1854,action,A superhero battles villains who threaten to destroy the world,2.5,2002.0,superhero_battle_villain_threaten_destroy_world
1137,electric road 1137,romance,Two people from different backgrounds begin a complicated romantic relationship,1.4,1986.0,two_people_different_background_begin_complicated_romantic_relationship
1716,crimson journey 1716,crime,An investigator uncovers corruption involving powerful people in the city,5.0,1990.0,investigator_uncovers_corruption_involving_powerful_people_city
1257,frozen world 1257,action,A former soldier returns to rescue civilians from a powerful enemy,4.4,2023.0,former_soldier_return_rescue_civilian_powerful_enemy
1632,hidden world 1632,drama,A FAMILY STRUGGLES WITH RELATIONSHIPS AND DIFFICULT CHOICES AFTER AN UNEXPECTED EVENT !!! @#$,3.4,1980.0,family_struggle_relationship_difficult_choice_unexpected_event
1696,   final shadow 1696   ,fantasy,A group of heroes travels through a magical land to defeat an evil ruler,3.8,2007.0,group_hero_travel_magical_land_defeat_evil_ruler
1398,infinite kingdom 1398,comedy,Two roommates experience a series of funny misunderstandings and unexpected events,7.4,2012.0,two_roommate_experience_series_funny_misunderstanding_unexpected_event
1851,secret story 1851,animation,A young hero enters a magical world and discovers an unexpected power,1.8,1984.0,young_hero_enters_magical_world_discovers_unexpected_power
664,crimson mission 664,fantasy,An ancient prophecy sends unlikely heroes on a dangerous magical journey,9.0,2012.0,ancient_prophecy_sends_unlikely_hero_dangerous_magical_journey
1984,silent memory 1984,action,A superhero battles villains who threaten to destroy the world 9391 ###,8.1,2017.0,superhero_battle_villain_threaten_destroy_world
1843,last road 1843,animation,   A curious child befriends a magical creature and explores a hidden kingdom   ,8.9,2022.0,curious_child_befriends_magical_creature_explores_hidden_kingdom
1915,hidden dream 1915,animation,A curious child befriends a magical creature and explores a hidden kingdom,2.5,2000.0,curious_child_befriends_magical_creature_explores_hidden_kingdom
1701,hidden dream 1701,animation,A young hero enters a magical world and discovers an unexpected power,5.7,1999.0,young_hero_enters_magical_world_discovers_unexpected_power
318,   final city 318   ,fantasy,An ancient prophecy sends unlikely heroes on a dangerous magical journey,5.5,1983.0,ancient_prophecy_sends_unlikely_hero_dangerous_magical_journey
649,burning world 649,animation,A group of talking animals works together to save their home from danger,5.5440406976744185,1988.0,group_talking_animal_work_together_save_home_danger
1435,electric warrior 1435,fantasy,An ancient prophecy sends unlikely heroes on a dangerous magical journey,5.3,2026.0,ancient_prophecy_sends_unlikely_hero_dangerous_magical_journey
1383,frozen dream 1383,animation,A curious child befriends a magical creature and explores a hidden kingdom,6.6,2021.0,curious_child_befriends_magical_creature_explores_hidden_kingdom
1283,ancient heart 1283,comedy,Two roommates experience a series of funny misunderstandings and unexpected events,6.6,2009.0,two_roommate_experience_series_funny_misunderstanding_unexpected_event
973,unknown secret 973,romance,A young couple struggles to keep their relationship alive while pursuing their dreams,4.9,1989.0,young_couple_struggle_keep_relationship_alive_pursuing_dream
628,last heart 628,action,A warrior seeks revenge after his family is attacked by a ruthless gang,4.6,2000.0,warrior_seek_revenge_family_attacked_ruthless_gang
633,frozen storm 633,animation,An unlikely group of animated heroes works together to protect their city,5.3,1991.0,unlikely_group_animated_hero_work_together_protect_city
1307,golden kingdom 1307,horror,A woman begins seeing frightening events after finding a mysterious object,6.7,2021.0,woman_begin_seeing_frightening_event_finding_mysterious_object
1401,frozen warrior 1401,comedy,Two roommates experience a series of funny misunderstandings and unexpected events,5.5,1985.0,two_roommate_experience_series_funny_misunderstanding_unexpected_event
1409,crimson city 1409,crime,A criminal mastermind plans a risky robbery while detectives follow his movements,5.0,1993.0,criminal_mastermind_plan_risky_robbery_detective_follow_movement
1249,lost empire 1249,romance,Two strangers meet unexpectedly and slowly fall in love despite their differences,4.6,2013.0,two_stranger_meet_unexpectedly_slowly_fall_love_despite_difference
1255,secret city 1255,crime,A criminal mastermind plans a risky robbery while detectives follow his movements,2.0,1996.0,criminal_mastermind_plan_risky_robbery_detective_follow_movement
1497,electric secret 1497,sci-fi,A crew becomes stranded on a distant planet after their spacecraft is damaged,6.3,1986.0,crew_becomes_stranded_distant_planet_spacecraft_damaged
1372,wild night 1372,adventure,A group of explorers searches for a legendary treasure hidden in an ancient land,2.1,1980.0,group_explorer_search_legendary_treasure_hidden_ancient_land
1530,unknown adventure 1530,action,A WARRIOR SEEKS REVENGE AFTER HIS FAMILY IS ATTACKED BY A RUTHLESS GANG !!! @#$,4.2,2017.0,warrior_seek_revenge_family_attacked_ruthless_gang
1664,wild night 1664,drama,A talented student works hard to overcome personal and financial challenges,9.9,2015.0,talented_student_work_hard_overcome_personal_financial_challenge
1355,crimson city 1355,horror,A journalist investigates strange disappearances connected to an abandoned building,7.0,2003.0,journalist_investigates_strange_disappearance_connected_abandoned_building
1822,secret mission 1822,comedy,A man pretends to be someone else and becomes trapped in a hilarious situation,6.1,2016.0,man_pretend_someone_else_becomes_trapped_hilarious_situation
1644,unknown memory 1644,animation,A young hero enters a magical world and discovers an unexpected power,7.4,2013.0,young_hero_enters_magical_world_discovers_unexpected_power
796,hidden empire 796,adventure,A captain leads a crew across the ocean in search of a lost kingdom,5.3,2017.0,captain_lead_crew_across_ocean_search_lost_kingdom
646,frozen storm 646,romance,TWO PEOPLE FROM DIFFERENT BACKGROUNDS BEGIN A COMPLICATED ROMANTIC RELATIONSHIP !!! @#$,4.1,1990.0,two_people_different_background_begin_complicated_romantic_relationship
1013,dark dream 1013,fantasy,A prince must recover a powerful magical object before it falls into evil hands,7.6,2020.0,prince_must_recover_powerful_magical_object_fall_evil_hand
557,broken hero 557,sci-fi,A crew becomes stranded on a distant planet after their spacecraft is damaged,6.7,2024.0,crew_becomes_stranded_distant_planet_spacecraft_damaged
682,golden world 682,romance,Childhood friends reunite years later and discover feelings for each other 9524 ###,4.8,1986.0,childhood_friend_reunite_year_later_discover_feeling
578,dark memory 578,romance,TWO PEOPLE FROM DIFFERENT BACKGROUNDS BEGIN A COMPLICATED ROMANTIC RELATIONSHIP !!! @#$,6.6,2021.0,two_people_different_background_begin_complicated_romantic_relationship
1267,frozen storm 1267,horror,A woman begins seeing frightening events after finding a mysterious object,6.6,2002.0,woman_begin_seeing_frightening_event_finding_mysterious_object
1723,lost memory 1723,adventure,A captain leads a crew across the ocean in search of a lost kingdom,4.0,2002.0,captain_lead_crew_across_ocean_search_lost_kingdom
525,ancient memory 525,romance,A musician falls in love with an artist while both struggle with their careers,8.7,1985.0,musician_fall_love_artist_struggle_career
1060,   unknown heart 1060   ,romance,Two strangers meet unexpectedly and slowly fall in love despite their differences,6.4,2023.0,two_stranger_meet_unexpectedly_slowly_fall_love_despite_difference
541,hidden world 541,romance,A young couple struggles to keep their relationship alive while pursuing their dreams,7.3,1990.0,young_couple_struggle_keep_relationship_alive_pursuing_dream
1195,frozen city 1195,animation,A curious child befriends a magical creature and explores a hidden kingdom,9.4,1989.0,curious_child_befriends_magical_creature_explores_hidden_kingdom
749,crimson road 749,fantasy,A young warrior discovers magical powers and must protect an ancient kingdom,7.1,2000.0,young_warrior_discovers_magical_power_must_protect_ancient_kingdom
1431,   unknown night 1431   ,adventure,A captain leads a crew across the ocean in search of a lost kingdom,1.3,1989.0,captain_lead_crew_across_ocean_search_lost_kingdom
485,burning warrior 485,drama,A teacher inspires struggling students while facing challenges in his own life,4.5,2005.0,teacher_inspires_struggling_student_facing_challenge_life
1758,final memory 1758,sci-fi,A crew becomes stranded on a distant planet after their spacecraft is damaged,7.3,1988.0,crew_becomes_stranded_distant_planet_spacecraft_damaged
96,wild shadow 96,horror,Visitors to an isolated village discover a dark secret hidden by the residents,7.7,2014.0,visitor_isolated_village_discover_dark_secret_hidden_resident
1021,unknown night 1021,action,A warrior seeks revenge after his family is attacked by a ruthless gang,5.9,1980.0,warrior_seek_revenge_family_attacked_ruthless_gang
743,dark memory 743,fantasy,A mysterious portal transports a student into a world of magic and mythical creatures,5.4,2016.0,mysterious_portal_transport_student_world_magic_mythical_creature
864,electric mission 864,drama,Two brothers confront their troubled past after returning to their hometown,6.5,2009.0,two_brother_confront_troubled_past_returning_hometown
1599,broken memory 1599,comedy,A family vacation turns into a collection of ridiculous and embarrassing situations,5.7,1991.0,family_vacation_turn_collection_ridiculous_embarrassing_situation
1715,lonely signal 1715,animation,A young hero enters a magical world and discovers an unexpected power,9.9,2022.0,young_hero_enters_magical_world_discovers_unexpected_power
1485,lost road 1485,fantasy,An ancient prophecy sends unlikely heroes on a dangerous magical journey,9.6,1995.0,ancient_prophecy_sends_unlikely_hero_dangerous_magical_journey
892,electric journey 892,adventure,Explorers enter an unknown island filled with dangerous creatures and hidden secrets,1.7,1989.0,explorer_enter_unknown_island_filled_dangerous_creature_hidden_secret
1578,dark heart 1578,sci-fi,A scientist builds an intelligent robot that begins to understand human emotions,9.4,2003.0,scientist_build_intelligent_robot_begin_understand_human_emotion
1882,ancient world 1882,sci-fi,Humans use advanced technology to travel through time and change the future,2.4,2019.0,human_use_advanced_technology_travel_time_change_future
1039,golden planet 1039,adventure,Explorers enter an unknown island filled with dangerous creatures and hidden secrets,3.5,2000.0,explorer_enter_unknown_island_filled_dangerous_creature_hidden_secret
393,last hero 393,animation,A young hero enters a magical world and discovers an unexpected power,6.9,2002.0,young_hero_enters_magical_world_discovers_unexpected_power
795,   infinite memory 795   ,romance,Two strangers meet unexpectedly and slowly fall in love despite their differences,6.9,2006.0,two_stranger_meet_unexpectedly_slowly_fall_love_despite_difference
871,lonely journey 871,drama,A family struggles with relationships and difficult choices after an unexpected event,13.8,2013.0,family_struggle_relationship_difficult_choice_unexpected_event
398,dark shadow 398,action,A warrior seeks revenge after his family is attacked by a ruthless gang,7.9,1981.0,warrior_seek_revenge_family_attacked_ruthless_gang
767,golden shadow 767,adventure,Friends follow an ancient map that leads them on an unexpected adventure,5.5440406976744185,1991.0,friend_follow_ancient_map_lead_unexpected_adventure
1990,dark planet 1990,crime,An investigator uncovers corruption involving powerful people in the city,2.3,2011.0,investigator_uncovers_corruption_involving_powerful_people_city
1029,crimson dream 1029,romance,Childhood friends reunite years later and discover feelings for each other,7.3,2000.0,childhood_friend_reunite_year_later_discover_feeling
1793,crimson night 1793,horror,A journalist investigates strange disappearances connected to an abandoned building,8.9,1997.0,journalist_investigates_strange_disappearance_connected_abandoned_building
643,broken journey 643,sci-fi,A mysterious signal from space leads researchers to an unknown alien civilization,1.5,2003.0,mysterious_signal_space_lead_researcher_unknown_alien_civilization
1967,crimson dream 1967,adventure,A captain leads a crew across the ocean in search of a lost kingdom,8.2,2016.0,captain_lead_crew_across_ocean_search_lost_kingdom
613,brave hero 613,animation,A curious child befriends a magical creature and explores a hidden kingdom,2.4,2003.0,curious_child_befriends_magical_creature_explores_hidden_kingdom
1763,golden storm 1763,fantasy,A young warrior discovers magical powers and must protect an ancient kingdom,8.9,2012.0,young_warrior_discovers_magical_power_must_protect_ancient_kingdom
961,last heart 961,sci-fi,A crew becomes stranded on a distant planet after their spacecraft is damaged 6901 ###,7.0,2022.0,crew_becomes_stranded_distant_planet_spacecraft_damaged
1571,electric empire 1571,adventure,A captain leads a crew across the ocean in search of a lost kingdom,1.6,2015.0,captain_lead_crew_across_ocean_search_lost_kingdom
726,lonely warrior 726,horror,Visitors to an isolated village discover a dark secret hidden by the residents,6.7,1992.0,visitor_isolated_village_discover_dark_secret_hidden_resident
1896,silent planet 1896,crime,Police officers investigate a series of robberies committed by a mysterious gang,2.0,1993.0,police_officer_investigate_series_robbery_committed_mysterious_gang
684,crimson dream 684,crime,   Police officers investigate a series of robberies committed by a mysterious gang   ,2.0,1986.0,police_officer_investigate_series_robbery_committed_mysterious_gang
99,crimson hero 99,romance,Two strangers meet unexpectedly and slowly fall in love despite their differences,9.2,2017.0,two_stranger_meet_unexpectedly_slowly_fall_love_despite_difference
1752,brave heart 1752,comedy,A group of friends gets into hilarious trouble during a weekend trip,9.0,2020.0,group_friend_get_hilarious_trouble_weekend_trip
503,dark storm 503,comedy,Two roommates experience a series of funny misunderstandings and unexpected events,5.8,2018.0,two_roommate_experience_series_funny_misunderstanding_unexpected_event
1072,silent night 1072,animation,A young hero enters a magical world and discovers an unexpected power,13.3,1984.0,young_hero_enters_magical_world_discovers_unexpected_power
1057,ancient shadow 1057,fantasy,A prince must recover a powerful magical object before it falls into evil hands,8.1,2014.0,prince_must_recover_powerful_magical_object_fall_evil_hand
930,broken storm 930,fantasy,A prince must recover a powerful magical object before it falls into evil hands 5162 ###,2.9,2015.0,prince_must_recover_powerful_magical_object_fall_evil_hand
780,brave storm 780,sci-fi,A mysterious signal from space leads researchers to an unknown alien civilization,7.9,1993.0,mysterious_signal_space_lead_researcher_unknown_alien_civilization
1864,electric shadow 1864,drama,Two brothers confront their troubled past after returning to their hometown,4.2,2014.0,two_brother_confront_troubled_past_returning_hometown
201,dark heart 201,adventure,Explorers enter an unknown island filled with dangerous creatures and hidden secrets,14.8,1987.0,explorer_enter_unknown_island_filled_dangerous_creature_hidden_secret
135,ancient night 135,fantasy,A prince must recover a powerful magical object before it falls into evil hands,6.6,2019.0,prince_must_recover_powerful_magical_object_fall_evil_hand
1052,infinite empire 1052,action,A police officer uncovers a conspiracy while chasing an international criminal,8.6,1998.0,police_officer_uncovers_conspiracy_chasing_international_criminal
41,last road 41,sci-fi,A scientist builds an intelligent robot that begins to understand human emotions,4.7,2010.0,scientist_build_intelligent_robot_begin_understand_human_emotion
1018,lost dream 1018,comedy,A group of friends gets into hilarious trouble during a weekend trip,5.2,1987.0,group_friend_get_hilarious_trouble_weekend_trip
231,last journey 231,fantasy,A group of heroes travels through a magical land to defeat an evil ruler,2.4,2019.0,group_hero_travel_magical_land_defeat_evil_ruler
1514,lost planet 1514,sci-fi,A scientist builds an intelligent robot that begins to understand human emotions,3.6,1994.0,scientist_build_intelligent_robot_begin_understand_human_emotion
1797,last warrior 1797,romance,A young couple struggles to keep their relationship alive while pursuing their dreams,2.6,2004.0,young_couple_struggle_keep_relationship_alive_pursuing_dream
379,burning night 379,animation,A group of talking animals works together to save their home from danger,6.7,1998.0,group_talking_animal_work_together_save_home_danger
289,hidden storm 289,comedy,TWO ROOMMATES EXPERIENCE A SERIES OF FUNNY MISUNDERSTANDINGS AND UNEXPECTED EVENTS !!! @#$,2.2,2002.0,two_roommate_experience_series_funny_misunderstanding_unexpected_event
419,broken city 419,fantasy,A young warrior discovers magical powers and must protect an ancient kingdom,3.3,2017.0,young_warrior_discovers_magical_power_must_protect_ancient_kingdom
1699,infinite warrior 1699,action,A superhero battles villains who threaten to destroy the world,2.3,1994.0,superhero_battle_villain_threaten_destroy_world
392,ancient signal 392,romance,A musician falls in love with an artist while both struggle with their careers,5.0,2004.0,musician_fall_love_artist_struggle_career
593,lost city 593,sci-fi,Humans use advanced technology to travel through time and change the future,7.3,1989.0,human_use_advanced_technology_travel_time_change_future
1523,burning storm 1523,romance,A musician falls in love with an artist while both struggle with their careers,2.9,1985.0,musician_fall_love_artist_struggle_career
1163,burning journey 1163,drama,Two brothers confront their troubled past after returning to their hometown,5.8,2010.0,two_brother_confront_troubled_past_returning_hometown
1087,silent secret 1087,action,A skilled agent fights a dangerous criminal organization to protect the city,8.7,1997.0,skilled_agent_fight_dangerous_criminal_organization_protect_city
1496,crimson dream 1496,fantasy,A MYSTERIOUS PORTAL TRANSPORTS A STUDENT INTO A WORLD OF MAGIC AND MYTHICAL CREATURES !!! @#$,6.9,2023.0,mysterious_portal_transport_student_world_magic_mythical_creature
648,golden road 648,fantasy,A group of heroes travels through a magical land to defeat an evil ruler,7.1,1997.0,group_hero_travel_magical_land_defeat_evil_ruler
1153,dark shadow 1153,drama,A talented student works hard to overcome personal and financial challenges,2.9,2019.0,talented_student_work_hard_overcome_personal_financial_challenge
1368,secret warrior 1368,fantasy,   A group of heroes travels through a magical land to defeat an evil ruler   ,2.9,1985.0,group_hero_travel_magical_land_defeat_evil_ruler
521,frozen mission 521,romance,A young couple struggles to keep their relationship alive while pursuing their dreams,4.4,2026.0,young_couple_struggle_keep_relationship_alive_pursuing_dream
1881,lonely kingdom 1881,horror,   A journalist investigates strange disappearances connected to an abandoned building   ,2.8,1985.0,journalist_investigates_strange_disappearance_connected_abandoned_building
65,lost kingdom 65,animation,Toys secretly come alive and begin an exciting adventure when humans leave,8.0,2006.0,toy_secretly_come_alive_begin_exciting_adventure_human_leave
1837,silent dream 1837,drama,A teacher inspires struggling students while facing challenges in his own life,5.4,2003.0,teacher_inspires_struggling_student_facing_challenge_life
15,brave warrior 15,comedy,An unlucky employee creates chaos while trying to impress a new manager,6.9,2005.0,unlucky_employee_creates_chaos_trying_impress_new_manager
1181,last dream 1181,horror,A group of friends becomes trapped in a forest where something mysterious follows them,3.5,2024.0,group_friend_becomes_trapped_forest_something_mysterious_follows
380,crimson road 380,adventure,   A young traveler begins a dangerous journey across mountains and forests   ,9.6,2010.0,young_traveler_begin_dangerous_journey_across_mountain_forest
764,infinite world 764,horror,Visitors to an isolated village discover a dark secret hidden by the residents,8.9,1989.0,visitor_isolated_village_discover_dark_secret_hidden_resident
217,electric heart 217,adventure,A captain leads a crew across the ocean in search of a lost kingdom 7992 ###,7.6,2000.0,captain_lead_crew_across_ocean_search_lost_kingdom
1946,dark road 1946,action,A skilled agent fights a dangerous criminal organization to protect the city,3.0,1983.0,skilled_agent_fight_dangerous_criminal_organization_protect_city
792,burning heart 792,comedy,Two roommates experience a series of funny misunderstandings and unexpected events,8.4,2002.0,two_roommate_experience_series_funny_misunderstanding_unexpected_event
1077,burning story 1077,comedy,A family vacation turns into a collection of ridiculous and embarrassing situations,9.3,2016.0,family_vacation_turn_collection_ridiculous_embarrassing_situation
879,unknown signal 879,drama,Two brothers confront their troubled past after returning to their hometown,3.3,1999.0,two_brother_confront_troubled_past_returning_hometown
338,dark heart 338,adventure,A group of explorers searches for a legendary treasure hidden in an ancient land,6.1,1992.0,group_explorer_search_legendary_treasure_hidden_ancient_land
1773,midnight story 1773,comedy,An unlucky employee creates chaos while trying to impress a new manager,6.2,2005.0,unlucky_employee_creates_chaos_trying_impress_new_manager
720,frozen world 720,romance,Two people from different backgrounds begin a complicated romantic relationship,7.6,2015.0,two_people_different_background_begin_complicated_romantic_relationship
1749,   unknown dream 1749   ,adventure,A group of explorers searches for a legendary treasure hidden in an ancient land,7.0,2023.0,group_explorer_search_legendary_treasure_hidden_ancient_land
1726,ancient dream 1726,romance,A musician falls in love with an artist while both struggle with their careers,1.1,2022.0,musician_fall_love_artist_struggle_career
1017,frozen kingdom 1017,drama,A teacher inspires struggling students while facing challenges in his own life,3.1,1998.0,teacher_inspires_struggling_student_facing_challenge_life
1751,burning memory 1751,fantasy,A MYSTERIOUS PORTAL TRANSPORTS A STUDENT INTO A WORLD OF MAGIC AND MYTHICAL CREATURES !!! @#$,3.1,1997.0,mysterious_portal_transport_student_world_magic_mythical_creature
1486,final warrior 1486,comedy,Two roommates experience a series of funny misunderstandings and unexpected events,1.6,2020.0,two_roommate_experience_series_funny_misunderstanding_unexpected_event
456,last signal 456,drama,   A businessman reevaluates his life after experiencing a major personal loss   ,9.5,2026.0,businessman_reevaluates_life_experiencing_major_personal_loss
816,secret heart 816,fantasy,A GROUP OF HEROES TRAVELS THROUGH A MAGICAL LAND TO DEFEAT AN EVIL RULER !!! @#$,4.7,2015.0,group_hero_travel_magical_land_defeat_evil_ruler
270,frozen planet 270,horror,A journalist investigates strange disappearances connected to an abandoned building,7.1,2016.0,journalist_investigates_strange_disappearance_connected_abandoned_building
996,last secret 996,adventure,A captain leads a crew across the ocean in search of a lost kingdom,7.5,2012.0,captain_lead_crew_across_ocean_search_lost_kingdom
202,last planet 202,drama,A teacher inspires struggling students while facing challenges in his own life,9.7,1983.0,teacher_inspires_struggling_student_facing_challenge_life
162,frozen signal 162,crime,Police officers investigate a series of robberies committed by a mysterious gang,6.0,2014.0,police_officer_investigate_series_robbery_committed_mysterious_gang
1580,golden mission 1580,adventure,A young traveler begins a dangerous journey across mountains and forests,9.6,1986.0,young_traveler_begin_dangerous_journey_across_mountain_forest
1501,silent night 1501,sci-fi,   Humans use advanced technology to travel through time and change the future   ,4.9,2021.0,human_use_advanced_technology_travel_time_change_future
1130,broken city 1130,sci-fi,A team of astronauts travels through deep space to discover a new planet for humanity,2.6,1983.0,team_astronaut_travel_deep_space_discover_new_planet_humanity
1022,midnight warrior 1022,action,A police officer uncovers a conspiracy while chasing an international criminal,7.5,2020.0,police_officer_uncovers_conspiracy_chasing_international_criminal
1586,infinite journey 1586,fantasy,A young warrior discovers magical powers and must protect an ancient kingdom,3.5,2006.0,young_warrior_discovers_magical_power_must_protect_ancient_kingdom
1956,brave night 1956,sci-fi,A scientist builds an intelligent robot that begins to understand human emotions,5.7,1990.0,scientist_build_intelligent_robot_begin_understand_human_emotion
35,frozen road 35,fantasy,An ancient prophecy sends unlikely heroes on a dangerous magical journey,8.3,1992.0,ancient_prophecy_sends_unlikely_hero_dangerous_magical_journey
776,infinite city 776,horror,A journalist investigates strange disappearances connected to an abandoned building,8.9,2009.0,journalist_investigates_strange_disappearance_connected_abandoned_building
1391,secret signal 1391,adventure,A young traveler begins a dangerous journey across mountains and forests,2.6,2012.0,young_traveler_begin_dangerous_journey_across_mountain_forest
1364,hidden adventure 1364,animation,An unlikely group of animated heroes works together to protect their city 5175 ###,8.3,2002.0,unlikely_group_animated_hero_work_together_protect_city
242,midnight kingdom 242,sci-fi,Humans use advanced technology to travel through time and change the future,5.1,2024.0,human_use_advanced_technology_travel_time_change_future
601,last road 601,adventure,Explorers enter an unknown island filled with dangerous creatures and hidden secrets,9.8,1990.0,explorer_enter_unknown_island_filled_dangerous_creature_hidden_secret
1298,crimson dream 1298,comedy,Two roommates experience a series of funny misunderstandings and unexpected events,5.5440406976744185,2017.0,two_roommate_experience_series_funny_misunderstanding_unexpected_event
647,last night 647,horror,A family moves into an old house and discovers a terrifying supernatural presence,4.5,1990.0,family_move_old_house_discovers_terrifying_supernatural_presence
1529,final signal 1529,fantasy,A mysterious portal transports a student into a world of magic and mythical creatures,6.0,1988.0,mysterious_portal_transport_student_world_magic_mythical_creature
1268,midnight journey 1268,horror,A family moves into an old house and discovers a terrifying supernatural presence,6.3,1988.0,family_move_old_house_discovers_terrifying_supernatural_presence
1900,secret kingdom 1900,comedy,   An unlucky employee creates chaos while trying to impress a new manager   ,7.2,2025.0,unlucky_employee_creates_chaos_trying_impress_new_manager
563,broken night 563,romance,Childhood friends reunite years later and discover feelings for each other,8.7,2005.0,childhood_friend_reunite_year_later_discover_feeling
190,lonely signal 190,animation,   A group of talking animals works together to save their home from danger   ,8.1,1980.0,group_talking_animal_work_together_save_home_danger
1807,dark dream 1807,adventure,Friends follow an ancient map that leads them on an unexpected adventure,1.7,2018.0,friend_follow_ancient_map_lead_unexpected_adventure
976,ancient night 976,animation,A curious child befriends a magical creature and explores a hidden kingdom,0.4,2020.0,curious_child_befriends_magical_creature_explores_hidden_kingdom
1083,frozen adventure 1083,sci-fi,   Humans use advanced technology to travel through time and change the future   ,9.2,2016.0,human_use_advanced_technology_travel_time_change_future
475,silent signal 475,action,   A superhero battles villains who threaten to destroy the world   ,4.1,1993.0,superhero_battle_villain_threaten_destroy_world
748,hidden signal 748,sci-fi,A MYSTERIOUS SIGNAL FROM SPACE LEADS RESEARCHERS TO AN UNKNOWN ALIEN CIVILIZATION !!! @#$,3.2,2021.0,mysterious_signal_space_lead_researcher_unknown_alien_civilization
22,unknown shadow 22,action,A former soldier returns to rescue civilians from a powerful enemy,5.1,2026.0,former_soldier_return_rescue_civilian_powerful_enemy
1185,broken secret 1185,sci-fi,A crew becomes stranded on a distant planet after their spacecraft is damaged,4.7,2001.0,crew_becomes_stranded_distant_planet_spacecraft_damaged
956,midnight dream 956,sci-fi,A crew becomes stranded on a distant planet after their spacecraft is damaged,5.1,1981.0,crew_becomes_stranded_distant_planet_spacecraft_damaged
1216,lost dream 1216,comedy,   Two roommates experience a series of funny misunderstandings and unexpected events   ,5.4,1984.0,two_roommate_experience_series_funny_misunderstanding_unexpected_event
1516,final story 1516,sci-fi,A team of astronauts travels through deep space to discover a new planet for humanity,1.2,2023.0,team_astronaut_travel_deep_space_discover_new_planet_humanity
770,last story 770,horror,A family moves into an old house and discovers a terrifying supernatural presence,2.8,2017.0,family_move_old_house_discovers_terrifying_supernatural_presence
1686,infinite hero 1686,horror,A group of friends becomes trapped in a forest where something mysterious follows them,4.8,2022.0,group_friend_becomes_trapped_forest_something_mysterious_follows
131,frozen dream 131,horror,A family moves into an old house and discovers a terrifying supernatural presence,4.6,1984.0,family_move_old_house_discovers_terrifying_supernatural_presence
1483,broken journey 1483,sci-fi,A crew becomes stranded on a distant planet after their spacecraft is damaged,9.3,2014.0,crew_becomes_stranded_distant_planet_spacecraft_damaged
331,secret adventure 331,action,A former soldier returns to rescue civilians from a powerful enemy,2.3,1983.0,former_soldier_return_rescue_civilian_powerful_enemy
1239,crimson road 1239,crime,An investigator uncovers corruption involving powerful people in the city,5.5440406976744185,1986.0,investigator_uncovers_corruption_involving_powerful_people_city
467,crimson empire 467,drama,A teacher inspires struggling students while facing challenges in his own life,4.6,2012.0,teacher_inspires_struggling_student_facing_challenge_life
1639,broken signal 1639,horror,A woman begins seeing frightening events after finding a mysterious object,6.6,2022.0,woman_begin_seeing_frightening_event_finding_mysterious_object
1096,wild empire 1096,animation,Toys secretly come alive and begin an exciting adventure when humans leave,2.3,2007.0,toy_secretly_come_alive_begin_exciting_adventure_human_leave
861,lonely story 861,crime,Police officers investigate a series of robberies committed by a mysterious gang,1.2,1987.0,police_officer_investigate_series_robbery_committed_mysterious_gang
